OBJECTID,ST_CODE,ST_NAME,DT_CODE,DIST_NAME,AC_NO,AC_NAME,PC_NO,PC_NAME,PC_ID,STATUS,Shape_Leng,Shape_Area,Area_AC,Water_1,Water_2,Water_3,LC_1,LC_2,LC_4,LC_5,LC_8,LC_9,LC_10,LC_11,LC_12,LC_13,LC_14,LC_16,LC_17,NL_mean,NL_median,NDBI_mean,NDBI_median,NDVI_mean,NDVI_median,Water_SUM,Seasonal_Ratio,Permanent_Ratio,LC_SUM,LC_1_ratio,LC_2_ratio,LC_4_ratio,LC_5_ratio,LC_8_ratio,LC_9_ratio,LC_10_ratio,LC_11_ratio,LC_12_ratio,LC_13_ratio,LC_14_ratio,LC_16_ratio,LC_17_ratio,Year,NDBI_median_t_minus_1,NDBI_mean_t_minus_1,NL_mean_t_minus_1,NL_median_t_minus_1,NDVI_mean_t_minus_1,NDVI_median_t_minus_1,Water_SUM_t_minus_1,Water_SUM_t_minus_2
1,20,JHARKHAND,9,SAHIBGANJ,1,RAJMAHAL,1,RAJMAHAL (ST),2001,Pre delimitation,1.73285758932,0.05054566535,564816172.0,48266,234845,53960,0,0,0,0,0,42,312,52,1702,15,12,49,317,1.08007867716059,0.784021615982056,-0.216882517360941,-0.197894021868706,0.309382456105007,0.334106206893921,337071,0.6967226489374642,0.1600849672620901,2501,0.0,0.0,0.0,0.0,0.0,0.0167932826869252,0.124750099960016,0.0207916833266693,0.6805277888844462,0.0059976009596161,0.0047980807676929,0.0195921631347461,0.126749300279888,2019,-0.136109203100204,-0.171361018898025,0.8958796452761,0.644283652305603,0.267180027312683,0.276988714933395,339059,338511
1,20,JHARKHAND,9,SAHIBGANJ,2,BORIO (ST),1,RAJMAHAL (ST),2001,Pre delimitation,1.42161690864,0.07693144649,859667305.0,1527,1645,0,0,0,613,0,5,1150,6,0,1631,11,392,0,2,0.789965221841536,0.475949555635452,-0.11304022648767,-0.109369993209839,0.366599313705786,0.368994832038879,3172,0.5186002522068096,0.0,3810,0.0,0.0,0.1608923884514435,0.0,0.0013123359580052,0.3018372703412073,0.0015748031496062,0.0,0.4280839895013123,0.0028871391076115,0.1028871391076115,0.0,0.000524934383202,2019,-0.073785312473774,-0.0803411218517602,0.653813275786294,0.372634828090668,0.306384625224504,0.306331872940063,339059,338511
3,20,JHARKHAND,8,GODDA,18,MAHAGAMA,3,GODDA,2003,Pre delimitation,1.06937089008,0.03010190026,336339878.0,1753,1639,1,0,0,0,0,0,1,0,0,1476,4,0,0,0,1.48196660260293,1.27642464637756,-0.154096002370978,-0.13878570497036,0.386712942431906,0.378361165523529,3393,0.4830533451223106,0.0002947244326554,1481,0.0,0.0,0.0,0.0,0.0,0.00067521944632,0.0,0.0,0.9966239027683996,0.0027008777852802,0.0,0.0,0.0,2019,-0.0664368271827698,-0.0793781505172044,1.24395963515725,1.04834806919098,0.298198008142261,0.289553433656693,3393,3363
1,20,JHARKHAND,8,GODDA,2,BORIO (ST),1,RAJMAHAL (ST),2001,Pre delimitation,0.89124620075,0.02808471409,313954507.0,2169,3753,122,0,0,97,0,5,86,9,2,1145,20,31,0,0,1.58846641625321,0.94055712223053,-0.0954227673222434,-0.0982405990362167,0.343142898314754,0.350792795419693,6044,0.620946393117141,0.0201853077432164,1395,0.0,0.0,0.0695340501792114,0.0,0.003584229390681,0.0616487455197132,0.0064516129032258,0.0014336917562724,0.8207885304659498,0.014336917562724,0.0222222222222222,0.0,0.0,2019,-0.0373936332762241,-0.0447402378126565,1.35067019673283,0.790312528610229,0.281792294429024,0.282202571630478,339059,338511
3,20,JHARKHAND,8,GODDA,17,GODDA,3,GODDA,2003,Pre delimitation,0.97404944719,0.04146187066,464070666.0,1307,1865,0,0,0,0,0,0,3,0,0,2024,27,0,0,0,1.77915967425756,1.2175207734108,-0.0810935811921068,-0.064423143863678,0.371351788808572,0.362386435270309,3172,0.5879571248423707,0.0,2054,0.0,0.0,0.0,0.0,0.0,0.0014605647517039,0.0,0.0,0.98539435248296,0.0131450827653359,0.0,0.0,0.0,2019,0.0214571077376604,0.0003640984921955,1.24881966728681,0.863173484802246,0.267844037475581,0.256192982196808,3393,3363
1,20,JHARKHAND,9,SAHIBGANJ,3,BARHAIT (ST),1,RAJMAHAL (ST),2001,Pre delimitation,1.31768064111,0.04764917844,533391642.0,1221,2409,4,0,0,21,0,0,294,0,0,1679,7,354,0,0,0.629427591775127,0.485519289970398,-0.0789417975742714,-0.0658156499266624,0.349104826445558,0.3446324467659,3634,0.662905888827738,0.0011007154650522,2355,0.0,0.0,0.0089171974522292,0.0,0.0,0.1248407643312101,0.0,0.0,0.7129511677282377,0.0029723991507431,0.1503184713375796,0.0,0.0,2019,-0.0358213298022747,-0.0493936784624336,0.477906275878681,0.352365732192993,0.293640561096415,0.285949349403381,339059,338511
1,20,JHARKHAND,8,GODDA,3,BARHAIT (ST),1,RAJMAHAL (ST),2001,Pre delimitation,1.50182067174,0.04854142015,543779843.0,550,1758,1,0,0,314,28,63,740,34,1,1217,5,12,0,0,0.460628185551397,0.402535021305084,-0.104668534021553,-0.104008104652166,0.396383605092459,0.398918032646179,2309,0.7613685578172369,0.0004330879168471,2414,0.0,0.0,0.1300745650372825,0.0115990057995029,0.0260977630488815,0.3065451532725766,0.0140845070422535,0.0004142502071251,0.504142502071251,0.0020712510356255,0.0049710024855012,0.0,0.0,2019,-0.0746180489659309,-0.0736368189934966,0.322330329703561,0.277925848960876,0.355940317466626,0.357530757784843,339059,338511
1,20,JHARKHAND,9,SAHIBGANJ,5,PAKAUR,1,RAJMAHAL (ST),2001,Pre delimitation,0.84409898718,0.01973070591,220947189.0,5671,24995,2462,0,0,0,0,0,0,6,6,947,2,0,0,14,1.08855856540622,0.974661380052567,-0.156969686447701,-0.137198612093925,0.366260673608016,0.362116396427155,33128,0.7544977058681478,0.0743177976334218,975,0.0,0.0,0.0,0.0,0.0,0.0,0.0061538461538461,0.0061538461538461,0.9712820512820513,0.002051282051282,0.0,0.0,0.0143589743589743,2019,-0.0511374473571777,-0.0935414262647414,0.900212433044408,0.804591774940491,0.295212439772197,0.273097455501556,339059,338511
1,20,JHARKHAND,10,PAKAUR,4,LITIPARA (ST),1,RAJMAHAL (ST),2001,Pre delimitation,1.58160064648,0.07403566559,830093913.0,782,1910,37,0,0,222,4,118,858,120,0,2260,0,88,0,0,0.532603011096168,0.430172324180603,-0.0672874527836199,-0.0558548457920551,0.358512111488419,0.351833373308182,2729,0.6998900696225724,0.0135580798827409,3670,0.0,0.0,0.0604904632152588,0.0010899182561307,0.0321525885558583,0.2337874659400545,0.0326975476839237,0.0,0.6158038147138964,0.0,0.0239782016348773,0.0,0.0,2019,-0.0301891379058361,-0.0433184163260137,0.406681521397858,0.321894511580467,0.313341464540057,0.304960161447525,339059,338511
3,20,JHARKHAND,8,GODDA,16,POREYAHAT,3,GODDA,2003,Pre delimitation,1.1578784916,0.05451845554,611187999.0,492,858,1,0,0,15,0,6,9,2,0,2667,0,9,0,0,0.658339087900363,0.585248917341232,0.0020523263034655,0.0228444021195173,0.336181378362148,0.331152141094208,1351,0.6350851221317543,0.000740192450037,2708,0.0,0.0,0.0055391432791728,0.0,0.0022156573116691,0.0033234859675036,0.000738552437223,0.0,0.9848596750369276,0.0,0.0033234859675036,0.0,0.0,2019,0.0722140222787857,0.0440045398067079,0.471129944140687,0.415387138724327,0.269555800482288,0.260951042175293,3393,3363
5,20,JHARKHAND,5,KODARMA,19,KODARMA,5,KODARMA,2005,Pre delimitation,2.2734125395,0.10747282954,1206219304.0,4551,5744,1280,0,0,1463,93,159,290,929,0,2352,31,1,1,0,0.941714040595551,0.53785103559494,-0.100541637736061,-0.109558522701263,0.432238174136272,0.455988168716431,11575,0.4962419006479481,0.1105831533477321,5319,0.0,0.0,0.2750517014476405,0.0174844895657078,0.0298928369994359,0.0545215266027448,0.174656890392931,0.0,0.4421883812746757,0.0058281631885692,0.0001880052641473,0.0001880052641473,0.0,2019,-0.0339275486767292,-0.0372729986596495,0.816618868725934,0.43259209394455,0.331284939550136,0.34770455956459,11550,11554
1,20,JHARKHAND,10,PAKAUR,5,PAKAUR,1,RAJMAHAL (ST),2001,Pre delimitation,0.76282096779,0.02117791885,237489822.0,9688,23008,53,0,0,0,0,0,8,8,0,1014,16,1,0,3,1.39004797868876,0.978624731302261,-0.0811736976362578,-0.04822051897645,0.319541543886908,0.312650382518768,32749,0.702555803230633,0.0016183700265656,1050,0.0,0.0,0.0,0.0,0.0,0.0076190476190476,0.0076190476190476,0.0,0.9657142857142856,0.0152380952380952,0.0009523809523809,0.0,0.0028571428571428,2019,-0.0041493931785225,-0.0471091278466324,1.37845434748024,0.908991098403931,0.277132492361304,0.256184309720993,339059,338511
5,20,JHARKHAND,6,GIRIDIH,28,DHANWAR,5,KODARMA,2005,Pre delimitation,1.92109347145,0.1040423738,1167489040.0,4126,5119,1113,0,0,294,10,161,128,747,0,3819,2,5,0,0,0.499340626242367,0.419353023171425,-0.0251583444748163,-0.0028828287031501,0.370896161744649,0.359345808625221,10358,0.4942073759413014,0.1074531762888588,5166,0.0,0.0,0.056910569105691,0.0019357336430507,0.0311653116531165,0.0247773906310491,0.1445993031358885,0.0,0.7392566782810686,0.0003871467286101,0.0009678668215253,0.0,0.0,2019,0.0505617689341307,0.0228972264991739,0.376522210008491,0.311749875545502,0.288785952560696,0.270683690905571,11550,11554
3,20,JHARKHAND,11,DUMKA,16,POREYAHAT,3,GODDA,2003,Pre delimitation,0.82038596833,0.02448733328,274773786.0,458,1523,13,0,0,0,0,0,0,0,0,1209,5,0,0,0,0.850335078400399,0.770155847072601,-0.0068462954509561,0.0135655207559466,0.349874412936453,0.3435218334198,1994,0.7637913741223671,0.006519558676028,1214,0.0,0.0,0.0,0.0,0.0,0.0,0.0,0.0,0.9958813838550248,0.0041186161449752,0.0,0.0,0.0,2019,0.061835303902626,0.0352586107045861,0.652149127153405,0.585164248943329,0.270858714684402,0.260995745658875,3393,3363
2,20,JHARKHAND,11,DUMKA,11,JAMA (ST),2,DUMKA (ST),2002,Pre delimitation,1.66768175441,0.07166978021,804996562.0,800,1397,1,0,0,73,0,4,2,0,0,3455,0,19,0,0,0.709600498323785,0.630090415477753,-0.0151905086781238,0.0028978309128433,0.351071555963235,0.344690799713135,2198,0.6355777979981801,0.0004549590536851,3553,0.0,0.0,0.0205460174500422,0.0,0.0011258091753447,0.0005629045876723,0.0,0.0,0.9724176752040528,0.0,0.0053475935828877,0.0,0.0,2019,0.0713742226362228,0.0459471289186559,0.576421495653168,0.502830356359482,0.270227260085006,0.261450201272964,2076,2076
1,20,JHARKHAND,10,PAKAUR,6,MAHESHPUR (ST),1,RAJMAHAL (ST),2001,Pre delimitation,1.27582762595,0.06691577396,751657776.0,3344,4513,58,0,0,0,0,0,0,1,0,3310,0,17,0,0,0.661987867261566,0.597506523132324,-0.0731435297550261,-0.0465944707393646,0.358334437575953,0.342731073498726,7915,0.5701831964624131,0.0073278584965255,3328,0.0,0.0,0.0,0.0,0.0,0.0,0.0003004807692307,0.0,0.994591346153846,0.0,0.005108173076923,0.0,0.0,2019,-0.0085904439911246,-0.0347136208265598,0.547680542039799,0.480397164821625,0.290803953907567,0.277441322803497,339059,338511
3,20,JHARKHAND,7,DEOGHAR,15,DEOGHAR (SC),3,GODDA,2003,Pre delimitation,1.30617917973,0.06281336802,705174586.0,1326,10735,30,0,0,4,1,1,0,81,0,2842,54,131,0,0,2.13290107096014,1.20825052261353,0.0177060751618767,0.0420517306774855,0.321954744881378,0.319749981164932,12091,0.8878504672897196,0.0024811843519973,3114,0.0,0.0,0.0012845215157353,0.0003211303789338,0.0003211303789338,0.0,0.0260115606936416,0.0,0.9126525369299936,0.0173410404624277,0.0420680796403339,0.0,0.0,2019,0.0884485170245171,0.0589659232136319,2.18659970915903,1.1524658203125,0.258218404398531,0.245651952922344,3393,3363
5,20,JHARKHAND,6,GIRIDIH,30,JAMUA (SC),5,KODARMA,2005,Pre delimitation,1.43911148078,0.08319069942,934470139.0,1921,4506,49,0,0,12,0,6,0,87,0,3972,0,39,0,0,0.64624189221969,0.563572317361832,0.0308427395301686,0.0615780744701624,0.31981727732725,0.307289779186249,6476,0.695799876466955,0.0075663990117356,4116,0.0,0.0,0.0029154518950437,0.0,0.0014577259475218,0.0,0.021137026239067,0.0,0.9650145772594751,0.0,0.0094752186588921,0.0,0.0,2019,0.110113188624382,0.0745514255380386,0.492044440113131,0.413216695189476,0.244000506601181,0.224344238638878,11550,11554
13,20,JHARKHAND,2,PALAMU,79,HUSSAINABAD,13,PALAMU (SC),2013,Pre delimitation,1.75956478417,0.06223463576,698749189.0,15710,20900,5271,0,0,141,0,0,0,115,0,2734,23,2,61,0,0.982129217644623,0.77429410815239,-0.103808078467592,-0.105051260441542,0.313727215020921,0.319989070296288,41881,0.4990329743797904,0.1258565936820992,3076,0.0,0.0,0.0458387516254876,0.0,0.0,0.0,0.0373862158647594,0.0,0.888816644993498,0.0074772431729518,0.0006501950585175,0.0198309492847854,0.0,2019,-0.0158431306481361,-0.0309013387874284,0.809155358989118,0.618601948022842,0.288384850834768,0.290070906281471,41645,41647
3,20,JHARKHAND,11,DUMKA,12,JARMUNDI,3,GODDA,2003,Pre delimitation,0.93336288714,0.03345382096,375806202.0,417,552,0,0,0,0,0,0,0,0,0,1659,0,0,0,0,1.02665665556117,0.844522774219513,-0.0025926551696786,0.0160477636381984,0.346281435653981,0.339810714125633,969,0.5696594427244582,0.0,1659,0.0,0.0,0.0,0.0,0.0,0.0,0.0,0.0,1.0,0.0,0.0,0.0,0.0,2019,0.0712187215685844,0.0449738831240808,0.86936829676505,0.685778915882111,0.269543763559734,0.2590371966362,3393,3363
14,20,JHARKHAND,4,HAZARIBAG,21,BARHI,14,HAZARIBAGH,2014,Pre delimitation,2.12880995623,0.10526575674,1183179647.0,16673,32584,17928,0,0,951,53,23,281,849,46,2973,2,14,5,15,1.14979114829178,0.852613747119904,-0.116822983172217,-0.112388614565134,0.394111768300975,0.409162789583206,67185,0.4849892089007963,0.2668452779638312,5212,0.0,0.0,0.1824635456638526,0.0101688411358403,0.0044128933231005,0.053914044512663,0.1628933231005372,0.008825786646201,0.5704144282425173,0.0003837298541826,0.0026861089792785,0.0009593246354566,0.0028779739063699,2019,-0.0040173411834985,-0.0260489307867376,0.987731961716222,0.716263294219971,0.310071484031101,0.310791164636612,67094,67095
2,20,JHARKHAND,11,DUMKA,7,SIKARIPARA (ST),2,DUMKA (ST),2002,Pre delimitation,2.32012196138,0.1035338562,1164873640.0,5718,10765,260,0,0,279,28,136,132,9,0,4477,0,60,0,2,0.526214281550976,0.481191605329514,-0.0306609565320872,0.0002135925606125,0.352456251379117,0.34039893746376,16743,0.6429552648868184,0.015528877739951,5123,0.0,0.0,0.054460277181339,0.0054655475307437,0.0265469451493265,0.0257661526449346,0.0017567831348819,0.0,0.8739020105406988,0.0,0.0117118875658793,0.0,0.0003903962521959,2019,0.0407107658684254,0.0081125154778914,0.432454278550275,0.380513608455658,0.284709228910711,0.269191741943359,2076,2076
4,20,JHARKHAND,3,CHATRA,27,CHATRA (SC),4,CHATRA,2004,Pre delimitation,2.37874930363,0.16291878101,1832009215.0,3627,5358,235,0,0,1271,0,17,999,447,0,5298,17,23,0,0,0.472619027999,0.391399368643761,-0.10292971549736,-0.110490269958973,0.337330133703762,0.341845154762268,9220,0.5811279826464208,0.0254880694143167,8072,0.0,0.0,0.1574578790882061,0.0,0.0021060455896927,0.1237611496531219,0.0553766105054509,0.0,0.6563429137760158,0.0021060455896927,0.0028493557978196,0.0,0.0,2019,0.0225161053240299,0.0045436208266532,0.358088605260052,0.290579065680504,0.317332770946897,0.31527453660965,9180,9176
13,20,JHARKHAND,1,GARHWA,77,BISHRAMPUR,13,PALAMU (SC),2013,Pre delimitation,0.87347498231,0.03622153828,406994060.0,8571,26437,3789,0,0,9,0,0,0,136,0,1617,0,0,30,0,0.47859899414276,0.444542482495308,-0.0820372770410495,-0.0764179043471813,0.339288072500614,0.351909190416336,38797,0.6814186663917313,0.0976621903755445,1792,0.0,0.0,0.0050223214285714,0.0,0.0,0.0,0.0758928571428571,0.0,0.90234375,0.0,0.0,0.0167410714285714,0.0,2019,0.0028454487910494,-0.0256388060914051,0.323742764680449,0.297837048768997,0.285742143602038,0.285286128520966,41645,41647
2,20,JHARKHAND,11,DUMKA,10,DUMKA (ST),2,DUMKA (ST),2002,Pre delimitation,1.99793470046,0.08104347961,911958456.0,13382,40831,23870,0,0,182,2,45,20,96,31,3526,21,28,6,66,0.890726118041497,0.618582248687744,-0.0459554039483028,-0.0056944689713418,0.326191312533733,0.344794511795044,78083,0.5229179206741544,0.305700344505206,4023,0.0,0.0,0.0452398707432264,0.0004971414367387,0.0111856823266219,0.0049714143673875,0.0238627889634601,0.0077056922694506,0.8764603529704201,0.0052199850857568,0.0069599801143425,0.0014914243102162,0.0164056674123788,2019,0.0524764135479927,0.0162316289063586,0.794155464959281,0.505889058113098,0.274219221622769,0.272916585206985,2076,2076
13,20,JHARKHAND,1,GARHWA,81,BHAWANATHPUR,13,PALAMU (SC),2013,Pre delimitation,2.41643685202,0.13915030612,1564706368.0,10605,24718,6993,0,0,256,10,16,29,169,0,6374,16,0,37,0,0.428996345613808,0.394167393445969,-0.0753032596675334,-0.0726341158151627,0.392137102124902,0.396554529666901,42316,0.584128934681917,0.1652566405142263,6907,0.0,0.0,0.0370638482698711,0.0014478065730418,0.0023164905168669,0.0041986390618213,0.0244679310844071,0.0,0.92283190965687,0.0023164905168669,0.0,0.0053568843202548,0.0,2019,-0.002312266267836,-0.0216897572398873,0.312598922886799,0.288411885499954,0.330519753748662,0.32614466547966,41645,41647
3,20,JHARKHAND,7,DEOGHAR,12,JARMUNDI,3,GODDA,2003,Pre delimitation,0.85810568964,0.02871604983,322744691.0,1376,3499,6,0,0,0,0,0,0,0,0,1424,0,4,0,0,1.20268697135913,1.11132836341858,-0.0075623302725897,0.0182548481971025,0.354715525440168,0.347019374370575,4881,0.716861298914157,0.0012292562999385,1428,0.0,0.0,0.0,0.0,0.0,0.0,0.0,0.0,0.9971988795518208,0.0,0.0028011204481792,0.0,0.0,2019,0.085155688226223,0.0526702314600958,1.01603355527259,0.933101147413254,0.262487908373776,0.248732104897499,3393,3363
5,20,JHARKHAND,6,GIRIDIH,31,GANDEY,5,KODARMA,2005,Pre delimitation,1.4218972333,0.08374818757,942320152.0,1830,6837,1281,0,0,6,2,0,3,42,0,4043,44,12,0,0,1.47947528559759,0.901689827442169,0.027566626443449,0.0533416792750359,0.298975242591277,0.287976250052452,9948,0.6872738238841978,0.1287696019300362,4152,0.0,0.0,0.0014450867052023,0.0004816955684007,0.0,0.0007225433526011,0.0101156069364161,0.0,0.973747591522158,0.0105973025048169,0.0028901734104046,0.0,0.0,2019,0.0850912667810917,0.0543646313866857,1.33973815877035,0.760625511407852,0.230214809176071,0.216666631400585,11550,11554
3,20,JHARKHAND,7,DEOGHAR,13,MADHUPUR,3,GODDA,2003,Pre delimitation,1.46391818743,0.07315655973,822698517.0,3675,9004,57,0,0,0,0,0,0,6,0,3598,18,11,0,0,1.3489642489349,1.09925699234009,0.0284164999856449,0.0531906839460135,0.317591962142543,0.312034025788307,12736,0.7069723618090452,0.0044755025125628,3633,0.0,0.0,0.0,0.0,0.0,0.0,0.0016515276630883,0.0,0.9903660886319846,0.004954582989265,0.0030278007156619,0.0,0.0,2019,0.103887740522623,0.0755998408709641,1.14231999399884,0.907097220420837,0.238894601160802,0.227967783808708,3393,3363
5,20,JHARKHAND,5,KODARMA,20,BARKATHA,5,KODARMA,2005,Pre delimitation,0.85608296664,0.02167147992,243571051.0,2619,2492,58,0,0,5,0,0,3,69,0,1001,2,0,0,0,2.10118789044061,1.54154056310654,-0.0226228894400928,0.0082812951877713,0.352202995647722,0.344888269901276,5169,0.4821048558715419,0.0112207390210872,1080,0.0,0.0,0.0046296296296296,0.0,0.0,0.0027777777777777,0.0638888888888888,0.0,0.9268518518518518,0.0018518518518518,0.0,0.0,0.0,2019,0.07221669703722,0.0429929616933265,1.95354950341987,1.42463105916977,0.254260033448165,0.242420494556427,11550,11554
13,20,JHARKHAND,2,PALAMU,78,CHHATARPUR (SC),13,PALAMU (SC),2013,Pre delimitation,2.10751713118,0.11384114941,1280690267.0,10740,8417,987,0,0,268,0,1,45,27,0,5291,6,19,0,0,0.656131943718592,0.52415257692337,-0.0649457415549175,-0.0601886659860611,0.313242879138701,0.306375473737717,20144,0.4178415409054805,0.0489972200158856,5657,0.0,0.0,0.0473749337104472,0.0,0.0001767721407106,0.007954746331978,0.0047728477991868,0.0,0.9353013964999116,0.0010606328442637,0.0033586706735018,0.0,0.0,2019,0.0430358946323395,0.021070701624623,0.540230754868189,0.400721073150635,0.299795526234035,0.290786236524582,41645,41647
13,20,JHARKHAND,2,PALAMU,76,DALTONGANJ,13,PALAMU (SC),2013,Pre delimitation,2.14992116569,0.1198160521,1349030253.0,14951,25541,6,0,0,732,0,1,261,44,0,4848,56,4,0,0,0.842885381018562,0.543517291545868,-0.0857164095832892,-0.0859046578407288,0.333133900249431,0.333191782236099,40498,0.6306731196602301,0.0001481554644673,5946,0.0,0.0,0.1231079717457114,0.0,0.00016818028927,0.0438950554994954,0.0073999327278842,0.0,0.8153380423814329,0.0094180961991254,0.0006727211570803,0.0,0.0,2019,0.0106471944600344,-0.0054539249304648,0.652471919436998,0.373498886823654,0.325807743695312,0.318434208631516,41645,41647
2,20,JHARKHAND,7,DEOGHAR,14,SARATH,2,DUMKA (ST),2002,Pre delimitation,1.58813770162,0.05596446056,629828400.0,1692,8436,564,0,0,0,0,4,1,6,0,2762,2,0,0,0,1.42323728318093,1.19908976554871,0.0065525602670745,0.0328849349170923,0.339540220341881,0.332225233316422,10692,0.7890011223344556,0.052749719416386,2775,0.0,0.0,0.0,0.0,0.0014414414414414,0.0003603603603603,0.0021621621621621,0.0,0.9953153153153154,0.0007207207207207,0.0,0.0,0.0,2019,0.0850770771503448,0.0536902800865467,1.06130859300832,0.87180894613266,0.256496140387752,0.248055011034012,2076,2076
4,20,JHARKHAND,3,CHATRA,26,SIMARIA (SC),4,CHATRA,2004,Pre delimitation,3.63376533327,0.16529805363,1862026109.0,3903,8693,961,1,3,941,356,264,1079,753,0,4765,29,15,0,0,0.765762260841818,0.457195743918419,-0.121177091447332,-0.124415308237076,0.386889166029857,0.385675311088562,13557,0.6412185586781737,0.0708858892085269,8206,0.0001218620521569,0.0003655861564708,0.1146721910796977,0.0433828905678771,0.032171581769437,0.131489154277358,0.0917621252741896,0.0,0.5806726785279064,0.0035339995125517,0.0018279307823543,0.0,0.0,2019,-0.0153704988770187,-0.0311055397071362,0.628792230941862,0.32464262843132,0.351440284149789,0.349756464362144,9180,9176
5,20,JHARKHAND,6,GIRIDIH,29,BAGODAR,5,KODARMA,2005,Pre delimitation,1.5175095811,0.07813633183,879486866.0,2680,8878,89,0,0,14,0,0,0,6,0,3845,8,3,0,0,0.791989655681051,0.615653812885284,0.0235274672142206,0.05140495672822,0.32455862848263,0.314233973622322,11647,0.7622563750321971,0.0076414527346097,3876,0.0,0.0,0.0036119711042311,0.0,0.0,0.0,0.001547987616099,0.0,0.992002063983488,0.002063983488132,0.0007739938080495,0.0,0.0,2019,0.0952692776918411,0.0637774675755809,0.671806008085724,0.494961708784103,0.24707060344145,0.23032583296299,11550,11554
5,20,JHARKHAND,4,HAZARIBAG,20,BARKATHA,5,KODARMA,2005,Pre delimitation,1.80119709001,0.07131477238,802723897.0,1387,2993,59,0,0,235,224,25,23,71,0,2895,41,23,0,0,0.903573094895136,0.685157656669617,-0.0600708611061659,-0.0294413398951292,0.408031083261233,0.390727654099464,4439,0.674250957422843,0.0132912818202297,3537,0.0,0.0,0.0664404862878145,0.0633305060785976,0.0070681368391292,0.0065026858919988,0.0200735086231269,0.0,0.818490245971162,0.0115917444161718,0.0065026858919988,0.0,0.0,2019,0.0493959188461304,0.0094092486151354,0.764740257762985,0.554608017206192,0.311421240314632,0.284485056996346,11550,11554
4,20,JHARKHAND,2,PALAMU,75,PANKI,4,CHATRA,2004,Pre delimitation,1.82395553183,0.09449767855,1064325353.0,5006,7906,44,0,0,916,0,5,488,104,0,3103,1,59,0,0,0.576035798307827,0.475345641374588,-0.0985303945130338,-0.104103781282902,0.341330894587794,0.340163514018059,12956,0.6102192034578574,0.0033961099104661,4676,0.0,0.0,0.1958939264328486,0.0,0.0010692899914456,0.1043627031650983,0.0222412318220701,0.0,0.663601368691189,0.0002138579982891,0.012617621899059,0.0,0.0,2019,0.0030974921537563,-0.0129475074560044,0.438547282616552,0.336084067821503,0.34277183420907,0.337000519037247,9180,9176
6,20,JHARKHAND,6,GIRIDIH,32,GIRIDIH,6,GIRIDIH,2006,Pre delimitation,1.36318067438,0.05423537356,610830324.0,576,3368,13,0,66,132,73,66,12,16,0,2310,6,2,0,0,0.806200769003398,0.676937073469162,-0.0235388639150548,0.0203311406075954,0.377338957122804,0.345592260360718,3957,0.8511498610058125,0.0032853171594642,2683,0.0,0.0245993291092061,0.0491986582184122,0.0272083488632128,0.0245993291092061,0.0044726052925829,0.0059634737234439,0.0,0.8609765188222139,0.0022363026462914,0.0007454342154304,0.0,0.0,2019,0.0476713087409735,-0.0021139146362257,0.720873027696741,0.576628148555756,0.300108170835573,0.265144735574722,3922,3923
13,20,JHARKHAND,1,GARHWA,80,GARHWA,13,PALAMU (SC),2013,Pre delimitation,2.30664502067,0.13270284465,1495635000.0,2615,12599,731,0,0,691,293,73,663,446,0,4342,29,34,0,0,0.522067051078761,0.391821146011353,-0.109347957347593,-0.108061954379082,0.392601834586749,0.394080758094788,15945,0.7901536531828159,0.0458450925054876,6571,0.0,0.0,0.1051590321107898,0.0445898645563841,0.0111094201795769,0.1008978846446507,0.0678739917820727,0.0,0.6607822249277127,0.0044133313042154,0.0051742504945974,0.0,0.0,2019,-0.017321839928627,-0.0306309338111597,0.379288757169935,0.267626732587814,0.360485375361573,0.357905179262161,41645,41647
14,20,JHARKHAND,4,HAZARIBAG,25,HAZARIBAGH,14,HAZARIBAGH,2014,Pre delimitation,1.50567825421,0.07028228989,791870015.0,1790,3627,833,0,0,149,156,66,127,45,0,2831,68,46,1,0,1.58286392042806,0.835465341806412,-0.0796639520222707,-0.0630324110388756,0.410786829642886,0.403472870588303,6250,0.58032,0.13328,3489,0.0,0.0,0.0427056463169962,0.0447119518486672,0.0189165950128976,0.0364001146460303,0.0128976784178847,0.0,0.8114072800229292,0.0194898251648036,0.0131842934938377,0.0002866150759529,0.0,2019,0.0240835398435593,-0.0056132135503497,1.51559973295368,0.723928719758987,0.320540143298058,0.304355353116989,67094,67095
6,20,JHARKHAND,6,GIRIDIH,33,DUMRI,6,GIRIDIH,2006,Pre delimitation,1.13222343878,0.03919683405,441650711.0,816,3116,0,0,0,27,2,9,2,5,0,1892,0,8,0,0,0.889529932922405,0.691181600093842,0.0131904808505122,0.0430421903729439,0.347124884321684,0.337581127882004,3932,0.7924720244150559,0.0,1945,0.0,0.0,0.0138817480719794,0.0010282776349614,0.0046272493573264,0.0010282776349614,0.0025706940874035,0.0,0.9727506426735218,0.0,0.0041131105398457,0.0,0.0,2019,0.0830516144633293,0.051437585908702,0.707944469377514,0.545450985431671,0.26035444794153,0.243226885795593,3922,3923
2,20,JHARKHAND,20,JAMTARA,9,JAMTARA,2,DUMKA (ST),2002,Pre delimitation,1.49645593905,0.06449712712,726954692.0,717,38349,15251,0,0,0,0,1,0,150,12,2930,29,5,10,55,1.26767698555494,1.04248148202896,0.0032513846219152,0.0401820857077837,0.28382940369074,0.303185641765594,54317,0.7060220557099988,0.2807776570870998,3192,0.0,0.0,0.0,0.0,0.00031328320802,0.0,0.0469924812030075,0.0037593984962406,0.9179197994987468,0.0090852130325814,0.0015664160401002,0.0031328320802005,0.0172305764411027,2019,0.084751982241869,0.0490265771687437,1.05538789840251,0.836661726236343,0.221197113887529,0.224436089396477,2076,2076
2,20,JHARKHAND,20,JAMTARA,8,NALA,2,DUMKA (ST),2002,Pre delimitation,1.78268447748,0.08734140828,984609338.0,1470,5276,2,0,0,0,0,0,0,12,0,4320,0,1,0,0,0.694173366728204,0.646346092224121,0.0150256293117793,0.034439891576767,0.320156101176368,0.315942704677582,6748,0.7818612922347362,0.0002963841138114,4333,0.0,0.0,0.0,0.0,0.0,0.0,0.0027694438033694,0.0,0.9969997692130164,0.0,0.0002307869836141,0.0,0.0,2019,0.0818823650479317,0.0581226572834477,0.576787828847214,0.531170696020126,0.25955199537007,0.251356333494186,2076,2076
2,20,JHARKHAND,20,JAMTARA,14,SARATH,2,DUMKA (ST),2002,Pre delimitation,0.50514972243,0.00880894422,99231572.0,214,872,0,0,0,0,0,0,0,0,0,437,0,0,0,0,1.39853309036671,1.24963939189911,0.0249167125910041,0.0462305545806885,0.313797374725078,0.306409955024719,1086,0.8029465930018416,0.0,437,0.0,0.0,0.0,0.0,0.0,0.0,0.0,0.0,1.0,0.0,0.0,0.0,0.0,2019,0.0965244919061661,0.0687305274671828,1.17131527778746,1.01800107955933,0.239267698314928,0.230896607041359,2076,2076
14,20,JHARKHAND,4,HAZARIBAG,24,MANDU,14,HAZARIBAGH,2014,Pre delimitation,2.5773603641,0.12479573744,1407804313.0,2813,15066,9717,0,0,342,247,162,64,294,0,4902,116,10,16,21,1.73344970214977,0.868250906467438,-0.0717547650615789,-0.0443710573017597,0.375272763845431,0.366140514612198,27596,0.5459486882156834,0.3521162487317002,6174,0.0,0.0,0.0553935860058309,0.0400064787819889,0.0262390670553935,0.0103660511823777,0.0476190476190476,0.0,0.793974732750243,0.0187884677680596,0.0016196954972465,0.0025915127955944,0.0034013605442176,2019,0.0177647098898888,-0.0075539272682615,1.50104559971928,0.706212401390076,0.276343305992065,0.26304218173027,67094,67095
6,20,JHARKHAND,12,DHANBAD,32,GIRIDIH,6,GIRIDIH,2006,Pre delimitation,0.29101475655,0.00329338717,37103998.0,42,1158,1,0,0,0,0,0,0,0,0,160,0,0,0,0,0.918122726567784,0.901766896247864,0.0395889732897812,0.0643339827656746,0.296077350284865,0.301212459802628,1201,0.964196502914238,0.0008326394671107,160,0.0,0.0,0.0,0.0,0.0,0.0,0.0,0.0,1.0,0.0,0.0,0.0,0.0,2019,0.0950044430792332,0.0667035920545744,0.820484306501306,0.794648885726929,0.218861651896325,0.213129416108131,3922,3923
6,20,JHARKHAND,12,DHANBAD,42,TUNDI,6,GIRIDIH,2006,Pre delimitation,1.63170819441,0.05770615114,650747766.0,1034,6543,157,0,0,197,9,56,12,65,0,2474,41,3,0,0,1.59883858040365,1.12018501758575,-0.0471529048702047,-0.0184569973498583,0.379419986329196,0.368565380573273,7734,0.8460046547711404,0.0202999741401603,2857,0.0,0.0,0.0689534476723836,0.0031501575078753,0.0196009800490024,0.0042002100105005,0.0227511375568778,0.0,0.8659432971648583,0.0143507175358767,0.0010500525026251,0.0,0.0,2019,0.0327498093247414,-0.0004586847419438,1.49691146458215,1.04652452468872,0.286469802849963,0.269289970397949,3922,3923
4,20,JHARKHAND,19,LATEHAR,74,LATEHAR (SC),4,CHATRA,2004,Pre delimitation,2.50284409126,0.16440899248,1855796364.0,2313,5685,802,0,2,668,359,368,889,151,0,5360,15,337,0,0,0.589264288515379,0.463833719491959,-0.106262507715044,-0.0978171080350876,0.338455246474022,0.333510756492615,8800,0.6460227272727272,0.0911363636363636,8149,0.0,0.0002454288869799,0.0819732482513191,0.0440544852129095,0.0451589152043195,0.1090931402626089,0.0185298809669898,0.0,0.6577494171063935,0.0018407166523499,0.0413547674561295,0.0,0.0,2019,0.00690408796072,-0.0233545889955324,0.451287502869378,0.343263119459152,0.362406637831052,0.347228437662125,9180,9176
14,20,JHARKHAND,4,HAZARIBAG,22,BARKAGAON,14,HAZARIBAGH,2014,Pre delimitation,2.05548126598,0.10448482211,1179564769.0,2451,10587,6318,0,17,527,274,169,225,404,15,3411,101,12,0,11,1.67502040393425,0.813900530338287,-0.121484806020219,-0.115757800638676,0.406068509445105,0.409749656915665,19356,0.5469621822690639,0.3264104153750775,5166,0.0,0.0032907471931862,0.1020131629887727,0.0530391018195896,0.0327138985675571,0.0435540069686411,0.0782036391792489,0.002903600464576,0.6602787456445993,0.0195509097948122,0.0023228803716608,0.0,0.0021293070073557,2019,-0.0294203963130713,-0.0477134965403259,1.35551006806976,0.629858374595642,0.321777349369412,0.312313139438629,67094,67095
6,20,JHARKHAND,13,BOKARO,34,GOMIA,6,GIRIDIH,2006,Pre delimitation,2.05019116553,0.09572144556,1080980832.0,9771,18407,37158,7,13,312,196,115,66,289,33,3516,89,1,13,100,1.34443781496627,0.856904745101929,-0.0937527647821239,-0.0601365678012371,0.370632917420837,0.371044933795929,65336,0.2817282968042121,0.5687216848291906,4750,0.0014736842105263,0.0027368421052631,0.0656842105263157,0.0412631578947368,0.0242105263157894,0.0138947368421052,0.0608421052631578,0.0069473684210526,0.7402105263157894,0.0187368421052631,0.0002105263157894,0.0027368421052631,0.0210526315789473,2019,-0.0007690452621318,-0.0398538521157901,1.19600971350305,0.72863832116127,0.275803991566861,0.26668992638588,3922,3923
6,20,JHARKHAND,13,BOKARO,33,DUMRI,6,GIRIDIH,2006,Pre delimitation,0.98147297915,0.0334442873,377333421.0,410,945,2,0,0,87,26,20,1,23,0,1485,14,0,0,0,1.22233143024367,1.01468431949615,-0.0513766903252494,-0.0227022767066956,0.385983854269775,0.376845389604568,1357,0.6963890935887989,0.0014738393515106,1656,0.0,0.0,0.0525362318840579,0.0157004830917874,0.0120772946859903,0.0006038647342995,0.0138888888888888,0.0,0.8967391304347826,0.0084541062801932,0.0,0.0,0.0,2019,0.0428468622267246,0.0118830629068293,1.0392434231186,0.862264037132263,0.287605837711129,0.270462095737457,3922,3923
7,20,JHARKHAND,12,DHANBAD,38,SINDRI,7,DHANBAD,2007,Pre delimitation,1.23745694303,0.0486687229,549361673.0,1679,18463,36,0,0,2,0,0,0,165,0,2157,93,0,0,0,3.17100741272413,1.97217738628387,-0.0391994259250879,-0.0175858158618212,0.312565491481595,0.32658588886261,20178,0.9150064426603232,0.0017841213202497,2417,0.0,0.0,0.0008274720728175,0.0,0.0,0.0,0.0682664460074472,0.0,0.8924286305337195,0.0384774513860157,0.0,0.0,0.0,2019,0.0218854770064354,0.0036949397324945,2.75808460195016,1.89411270618439,0.237827726631992,0.241388544440269,20072,20072
7,20,JHARKHAND,12,DHANBAD,39,NIRSA,7,DHANBAD,2007,Pre delimitation,0.88706272111,0.03748301508,423136677.0,2898,44319,20114,0,0,3,0,0,0,201,46,1380,148,0,8,69,2.92133404341433,1.61621046066284,-0.069087540521665,-0.0228178203105927,0.259264386289225,0.312102913856506,67331,0.6582257801012906,0.2987331244152025,1855,0.0,0.0,0.0016172506738544,0.0,0.0,0.0,0.1083557951482479,0.0247978436657681,0.7439353099730458,0.0797843665768194,0.0,0.0043126684636118,0.0371967654986522,2019,0.024878041818738,-0.0134346568385772,2.69627818864881,1.5835223197937,0.196034924222283,0.220149040222168,20072,20072
4,20,JHARKHAND,19,LATEHAR,73,MANIKA (ST),4,CHATRA,2004,Pre delimitation,2.78901934196,0.21484655684,,6204,12318,317,0,96,1735,2504,763,1822,473,0,3164,19,82,0,0,0.423109312915712,0.325514927506447,-0.184636720226605,-0.206606306135654,0.421038958330171,0.424109101295471,18839,0.6538563618026435,0.0168267954774669,10658,0.0,0.0090073184462375,0.162788515668981,0.2349408894726965,0.0715894164008256,0.1709513980108838,0.044379808594483,0.0,0.2968662037905798,0.0017826984424845,0.0076937511728279,0.0,0.0,2019,-0.143988892436028,-0.115658194194716,0.309511899711438,0.236316829919815,0.44873301870286,0.479534208774567,9180,9176
7,20,JHARKHAND,12,DHANBAD,40,DHANBAD,7,DHANBAD,2007,Pre delimitation,0.55165007212,0.01104985096,124743560.0,242,2318,21,0,0,0,0,0,4,47,0,204,299,0,0,0,10.478186790062,10.0747122764587,-0.0388138596893892,-0.0271443808451295,0.258222133738297,0.271038383245468,2581,0.8981015110422317,0.0081363812475784,554,0.0,0.0,0.0,0.0,0.0,0.0072202166064981,0.0848375451263537,0.0,0.3682310469314079,0.5397111913357401,0.0,0.0,0.0,2019,-0.0015172212733887,-0.0127648264170331,9.96298694329849,9.50793266296387,0.175889727501882,0.182477191090584,20072,20072
6,20,JHARKHAND,12,DHANBAD,43,BAGHMARA,6,GIRIDIH,2006,Pre delimitation,0.57662976168,0.01896335451,214087849.0,1568,4508,48,0,0,0,0,0,0,164,0,576,199,0,0,0,5.02472060633163,3.40248727798462,-0.0142412278962303,-0.0011603600578382,0.306834124827192,0.335451498627663,6124,0.736120182887002,0.007838014369693,939,0.0,0.0,0.0,0.0,0.0,0.0,0.174653887113951,0.0,0.6134185303514377,0.2119275825346112,0.0,0.0,0.0,2019,0.0429789777845144,0.0290834526693007,4.34881095345409,2.98856258392334,0.210459381372706,0.227893561124802,3922,3923
6,20,JHARKHAND,13,BOKARO,35,BERMO,6,GIRIDIH,2006,Pre delimitation,1.58347701717,0.04045650553,457020545.0,2760,8170,965,0,0,33,1,8,4,152,0,1637,173,0,0,0,3.12917298251195,1.55130517482758,-0.040928513076933,-0.0220560021698475,0.342269903955813,0.347967088222504,11895,0.6868432114333753,0.0811265237494745,2008,0.0,0.0,0.0164342629482071,0.0004980079681274,0.0039840637450199,0.0019920318725099,0.0756972111553784,0.0,0.8152390438247012,0.0861553784860557,0.0,0.0,0.0,2019,0.0329865142703056,0.0118088953481841,2.8190906414307,1.41027760505676,0.238938729429086,0.237836346030235,3922,3923
13,20,JHARKHAND,1,GARHWA,76,DALTONGANJ,13,PALAMU (SC),2013,Pre delimitation,1.17583729623,0.05456927147,616358794.0,678,4169,123,0,5,582,688,146,591,92,0,546,0,52,0,0,0.332133845119155,0.314394295215607,-0.206752422428181,-0.22688002884388,0.392232986975261,0.404112219810486,4970,0.8388329979879275,0.024748490945674,2702,0.0,0.0018504811250925,0.2153960029607698,0.2546262028127313,0.0540340488527017,0.2187268689859363,0.0340488527017024,0.0,0.2020725388601036,0.0,0.0192450037009622,0.0,0.0,2019,-0.157007709145546,-0.130609537199835,0.22511844520972,0.217047527432442,0.452624740868334,0.48409578204155,41645,41647
7,20,JHARKHAND,12,DHANBAD,41,JHARIA,7,DHANBAD,2007,Pre delimitation,0.39463015983,0.00642315035,72556354.0,409,3641,150,0,0,0,0,0,0,6,0,62,248,0,0,0,8.49145547101735,8.52120304107666,-0.0640640212006228,-0.051418362185359,0.281820000652244,0.309085324406624,4200,0.866904761904762,0.0357142857142857,316,0.0,0.0,0.0,0.0,0.0,0.0,0.0189873417721519,0.0,0.1962025316455696,0.7848101265822784,0.0,0.0,0.0,2019,-0.0342731047421694,-0.0442115153297743,8.52168308308653,8.5853214263916,0.159128141244978,0.165938518941402,20072,20072
7,20,JHARKHAND,13,BOKARO,36,BOKARO,7,DHANBAD,2007,Pre delimitation,0.95558423443,0.03064938541,346358194.0,5057,6563,5149,0,0,0,0,0,7,33,17,1136,330,0,0,0,5.49055897359507,2.51448786258698,-0.0531550992416475,-0.0312127154320478,0.309705094730038,0.334697961807251,16769,0.3913769455542966,0.3070546842387739,1523,0.0,0.0,0.0,0.0,0.0,0.0045961917268548,0.0216677609980302,0.0111621799080761,0.7458962573867367,0.216677609980302,0.0,0.0,0.0,2019,0.0188529938459396,-0.0057684570752752,4.38928984014678,2.14207863807678,0.215750804373658,0.229794383049011,20072,20072
7,20,JHARKHAND,13,BOKARO,37,CHANDANKIYARI (SC),7,DHANBAD,2007,Pre delimitation,1.24158115218,0.05156801319,583044184.0,3381,5101,30,0,0,0,0,0,1,22,0,2516,10,0,0,0,1.67911195057267,1.17937386035919,-0.0362347581940924,-0.0212674709036946,0.328407814065175,0.334378361701965,8512,0.5992716165413534,0.0035244360902255,2549,0.0,0.0,0.0,0.0,0.0,0.0003923107100823,0.0086308356218124,0.0,0.9870537465672812,0.0039231071008238,0.0,0.0,0.0,2019,0.045148640871048,0.0287384033374989,1.53693017994482,1.00671637058258,0.238358857089669,0.239569619297981,20072,20072
8,20,JHARKHAND,14,RANCHI,65,KANKE (SC),8,RANCHI,2008,Pre delimitation,1.89589012958,0.07099149929,802786800.0,906,2946,232,0,0,184,1,63,14,219,0,2911,123,5,0,0,2.59846514058608,1.07200944423676,-0.0668197436202208,-0.0382113102823496,0.37766714437416,0.360899746417999,4084,0.7213516160626836,0.0568070519098922,3520,0.0,0.0,0.0522727272727272,0.0002840909090909,0.0178977272727272,0.0039772727272727,0.062215909090909,0.0,0.8269886363636364,0.0349431818181818,0.0014204545454545,0.0,0.0,2019,0.0518146771937609,0.0122973840065036,2.36233572015694,0.864757597446442,0.304448600039049,0.277425050735474,3961,3961
14,20,JHARKHAND,4,HAZARIBAG,23,RAMGARH,14,HAZARIBAGH,2014,Pre delimitation,1.48460820965,0.05731792236,648130269.0,2067,6420,1270,0,0,126,11,17,44,29,1,2571,37,4,0,0,1.5575706727383,1.10248106718063,-0.0724403020449819,-0.048247218132019,0.347761205700407,0.339237779378891,9757,0.6579891360049196,0.1301629599262068,2840,0.0,0.0,0.0443661971830985,0.0038732394366197,0.0059859154929577,0.0154929577464788,0.0102112676056338,0.0003521126760563,0.905281690140845,0.0130281690140845,0.0014084507042253,0.0,0.0,2019,0.0161286601796746,-0.0112677150093679,1.45744267726238,1.03120499849319,0.246786886533371,0.232083365321159,67094,67095
12,20,JHARKHAND,15,LOHARDAGA,72,LOHARDAGA (ST),12,LOHARDAGA (ST),2012,Pre delimitation,2.23203668748,0.13246143041,1498702818.0,1548,7502,922,0,3,87,957,482,333,317,0,4362,21,12,4,0,0.718922426008822,0.545681178569794,-0.118830446427399,-0.0757489576935768,0.408210979132613,0.382518768310547,9972,0.7523064580826314,0.0924588848776574,6578,0.0,0.0004560656734569,0.0132259045302523,0.1454849498327759,0.0732745515354211,0.0506232897537245,0.0481909394952873,0.0,0.6631194892064457,0.0031924597141988,0.0018242626938279,0.0006080875646093,0.0,2019,0.0411380007863045,-0.0295489224288975,0.585255787657489,0.427767246961594,0.372798188719006,0.320532083511353,9789,9789
12,20,JHARKHAND,14,RANCHI,66,MANDAR (ST),12,LOHARDAGA (ST),2012,Pre delimitation,2.15712955269,0.10790944016,1222165661.0,1564,4876,1298,0,0,7,20,19,2,0,0,5283,3,14,2,0,0.810045330786259,0.65345972776413,-0.0604143810913261,-0.0294504351913929,0.385848780721089,0.362436920404434,7738,0.6301369863013698,0.1677436029981907,5350,0.0,0.0,0.0013084112149532,0.0037383177570093,0.0035514018691588,0.0003738317757009,0.0,0.0,0.9874766355140188,0.0005607476635514,0.0026168224299065,0.0003738317757009,0.0,2019,0.0673979520797729,0.0279175969959344,0.633082714314773,0.492963045835495,0.308774553789612,0.280581086874008,9789,9789
12,20,JHARKHAND,16,GUMLA,69,BISHNUPUR (ST),12,LOHARDAGA (ST),2012,Pre delimitation,2.3559616837,0.12944920892,1466541160.0,1524,5091,1023,0,18,41,969,600,485,488,0,3798,2,10,0,0,0.37253497409115,0.332675367593765,-0.120443883428751,-0.0783046334981918,0.409902346754848,0.382725149393082,7638,0.6665357423409269,0.133935585231736,6411,0.0,0.00280767430978,0.0063952581500545,0.1511464670098268,0.0935891436593355,0.0756512244579628,0.0761191701762595,0.0,0.5924192793635938,0.0003119638121977,0.0015598190609889,0.0,0.0,2019,0.0437249466776848,-0.0290582972388396,0.278579370183087,0.248127281665802,0.380550446646946,0.328806102275848,9789,9789
8,20,JHARKHAND,14,RANCHI,62,KHIJRI (ST),8,RANCHI,2008,Pre delimitation,1.85887610266,0.09126959066,1033451964.0,7595,17139,18504,0,31,110,88,144,34,84,37,3892,50,21,3,36,2.38238331794238,1.07176566123962,-0.0696635810746282,-0.0340096913278103,0.387746321881659,0.390705674886703,43238,0.3963874369767334,0.427956889772885,4530,0.0,0.0068432671081677,0.0242825607064017,0.0194260485651214,0.0317880794701986,0.0075055187637969,0.0185430463576158,0.008167770419426,0.8591611479028698,0.0110375275938189,0.0046357615894039,0.0006622516556291,0.0079470198675496,2019,0.0283571667969227,-0.0122140754081384,2.17585069860444,0.924588799476624,0.300850824073745,0.291754722595215,3961,3961
8,20,JHARKHAND,14,RANCHI,64,HATIA,8,RANCHI,2008,Pre delimitation,0.76565258972,0.01911118275,216420638.0,651,544,4,0,0,0,0,0,2,2,0,840,92,0,0,0,6.23922759432397,1.83446669578552,-0.0348016162591673,-0.0063351814169436,0.349104671401028,0.338838055729866,1199,0.4537114261884904,0.0033361134278565,936,0.0,0.0,0.0,0.0,0.0,0.0021367521367521,0.0021367521367521,0.0,0.8974358974358975,0.0982905982905982,0.0,0.0,0.0,2019,0.0628281868994236,0.0338963919915855,5.92407681130962,1.55759787559509,0.270138166791437,0.250891715288162,3961,3961
8,20,JHARKHAND,14,RANCHI,61,SILLI,8,RANCHI,2008,Pre delimitation,1.53614388015,0.08153081778,923707712.0,5109,4210,16,0,0,225,44,73,100,62,0,3527,0,11,0,0,0.792167553169473,0.630786538124084,-0.0596745680483009,-0.0365829635411501,0.395698136786784,0.384843975305557,9335,0.450990894483128,0.0017139796464916,4042,0.0,0.0,0.0556655121227115,0.0108857001484413,0.0180603661553686,0.024740227610094,0.0153389411182582,0.0,0.8725878278080158,0.0,0.0027214250371103,0.0,0.0,2019,0.0360037628561258,0.0027898223802623,0.587686395717,0.444995865225792,0.298411680799685,0.279854312539101,3961,3961
8,20,JHARKHAND,14,RANCHI,63,RANCHI,8,RANCHI,2008,Pre delimitation,0.19546851563,0.00223438046,25295947.0,71,1468,37,0,0,0,0,0,1,5,0,15,95,0,0,0,25.4842233570344,26.2703723907471,-0.0607140262049495,-0.0199610693380237,0.272271413386716,0.271944746375084,1576,0.931472081218274,0.023477157360406,116,0.0,0.0,0.0,0.0,0.0,0.0086206896551724,0.043103448275862,0.0,0.1293103448275862,0.8189655172413793,0.0,0.0,0.0,2019,0.0114404838532209,-0.0228426433536365,27.0178772243885,27.3899669647217,0.206937862052639,0.208895564079285,3961,3961
12,20,JHARKHAND,16,GUMLA,68,GUMLA (ST),12,LOHARDAGA (ST),2012,Pre delimitation,2.50659574498,0.15606044251,1770930034.0,1582,9641,685,5,9,4,690,507,423,435,3,5574,6,80,0,0,0.388327523588086,0.314722150564194,-0.108739289075412,-0.0681532993912697,0.39750372150806,0.376286774873734,11908,0.8096237823312059,0.0575243533758817,7736,0.0006463288521199,0.0011633919338159,0.0005170630816959,0.0891933815925542,0.0655377456049638,0.0546794208893485,0.0562306101344364,0.0003877973112719,0.7205274043433298,0.0007755946225439,0.0103412616339193,0.0,0.0,2019,0.0385790430009365,-0.0248933262965907,0.295676656943173,0.235098749399185,0.381967610828242,0.341645002365112,9789,9789
12,20,JHARKHAND,16,GUMLA,67,SISAI (ST),12,LOHARDAGA (ST),2012,Pre delimitation,2.460210736,0.13525027548,1535074514.0,1800,14128,917,0,0,6,11,37,34,16,0,6584,0,4,1,0,0.468798083507404,0.41900497674942,-0.0282281729785304,-0.0037027541548013,0.350659343426398,0.336246132850647,16845,0.8387058474324726,0.0544375185514989,6693,0.0,0.0,0.0008964589870013,0.0016435081428357,0.0055281637531749,0.0050799342596742,0.0023905572986702,0.0,0.9837143284028088,0.0,0.0005976393246675,0.0001494098311668,0.0,2019,0.0937089249491692,0.0591797129640106,0.355187969357752,0.307715222239494,0.296807974173028,0.277420580387115,9789,9789
11,20,JHARKHAND,14,RANCHI,60,KHUNTI (ST),11,KHUNTI (ST),2011,Pre delimitation,1.90307777041,0.10952803455,1242866511.0,760,1528,790,0,0,27,132,53,781,63,0,4304,8,55,2,0,0.633771845235009,0.475188255310059,-0.0565732256349174,-0.0276005584746599,0.415682767048283,0.401419162750244,3078,0.4964262508122157,0.2566601689408707,5425,0.0,0.0,0.0049769585253456,0.024331797235023,0.0097695852534562,0.143963133640553,0.0116129032258064,0.0,0.7933640552995391,0.0014746543778801,0.0101382488479262,0.00036866359447,0.0,2019,0.0370221771299839,-0.0003386725282538,0.467695712678566,0.324911773204803,0.331681974524944,0.311772882938385,3028,3029
11,20,JHARKHAND,14,RANCHI,58,TAMAR (ST),11,KHUNTI (ST),2011,Pre delimitation,2.06697947889,0.11531472319,1309016809.0,3743,3223,377,0,54,355,701,134,1382,156,0,2907,4,33,0,0,0.686163300826673,0.524212181568146,-0.119397705832253,-0.100252885371447,0.455255330330069,0.453505471348763,7343,0.4389214217622225,0.0513414135911752,5726,0.0,0.0094306671323786,0.0619979042961928,0.1224240307369891,0.0234020258470136,0.2413552217953196,0.0272441494935382,0.0,0.5076842472930493,0.0006985679357317,0.0057631854697869,0.0,0.0,2019,-0.0481384191662073,-0.0700722905369184,0.519012053778016,0.379188597202301,0.362360593446315,0.356304720044136,3028,3029
8,20,JHARKHAND,22,SARAIKELA,50,ICHAGARH,8,RANCHI,2008,Pre delimitation,1.54676819439,0.08940458188,1015067689.0,9222,44771,50622,9,26,102,199,13,113,389,140,3261,33,25,2,122,1.032785784853,0.758975088596344,-0.119420596612413,-0.0747095569968224,0.342090035231664,0.371125280857086,104615,0.427959661616403,0.4838885437078812,4434,0.0020297699594046,0.0058637798827244,0.0230040595399188,0.0448804691023906,0.0029318899413622,0.0254848894903022,0.0877311682453766,0.031574199368516,0.7354533152909337,0.0074424898511502,0.005638249887235,0.0004510599909788,0.0275146594497068,2019,-0.0161717291921377,-0.0622852191407047,0.903316325064337,0.634746313095093,0.252808861843587,0.260517984628677,3961,3961
11,20,JHARKHAND,14,RANCHI,59,TORPA (ST),11,KHUNTI (ST),2011,Pre delimitation,1.77434445771,0.07533240766,855944024.0,965,6418,54,0,4,19,185,34,681,81,0,2697,6,32,0,0,0.484466665045644,0.432039588689804,-0.0698138920923916,-0.0386645682156086,0.413625820384729,0.393200427293777,7437,0.862982385370445,0.0072609923356192,3739,0.0,0.0010698047606311,0.0050815726129981,0.0494784701791922,0.009093340465365,0.1821342604974592,0.0216635464027814,0.0,0.7213158598555763,0.0016047071409467,0.0085584380850494,0.0,0.0,2019,0.0436156056821346,-0.0022704989850135,0.357598969224626,0.310652494430542,0.343066311097136,0.320160239934921,3028,3029
9,20,JHARKHAND,18,PURBI SINGHBHUM,47,JUGSALAI (SC),9,JAMSHEDPUR,2009,Pre delimitation,1.48831737542,0.06920762626,786544804.0,1984,12122,2030,0,56,154,97,12,141,154,18,2621,177,5,0,0,2.93829822747818,0.835483491420746,-0.103352030595867,-0.0770924910902977,0.373563634501467,0.362871706485748,16136,0.7512394645513139,0.125805651958354,3435,0.0,0.0163027656477438,0.0448326055312954,0.0282387190684133,0.0034934497816593,0.0410480349344978,0.0448326055312954,0.005240174672489,0.7630276564774381,0.0515283842794759,0.0014556040756914,0.0,0.0,2019,-0.0402032360434532,-0.0670419792233782,2.73075175550913,0.670552134513855,0.300463970681106,0.285341084003448,16109,16109
11,20,JHARKHAND,16,GUMLA,70,SIMDEGA (ST),11,KHUNTI (ST),2011,Pre delimitation,1.17000905288,0.05165465619,587090279.0,440,2751,655,0,1,3,41,122,9,658,0,1725,0,0,0,0,0.360191478789575,0.332441776990891,-0.0779066270160573,-0.0518523883074522,0.366819568502638,0.355596333742142,3846,0.7152886115444618,0.1703068122724909,2559,0.0,0.0003907776475185,0.0011723329425556,0.016021883548261,0.0476748729972645,0.003516998827667,0.2571316920672137,0.0,0.6740914419695193,0.0,0.0,0.0,0.0,2019,0.0413053762167692,0.0020226401118781,0.272526477558532,0.248300969600677,0.344162019855038,0.319575846195221,3028,3029
11,20,JHARKHAND,22,SARAIKELA,57,KHARASAWAN (ST),11,KHUNTI (ST),2011,Pre delimitation,1.84084668581,0.07140395617,811776386.0,1496,3528,209,0,84,11,357,47,667,111,0,2216,0,44,0,0,0.973351398801959,0.738833695650101,-0.10950969923773,-0.070110023021698,0.422144466968991,0.394562065601349,5233,0.6741830689852857,0.0399388496082553,3537,0.0,0.0237489397794741,0.0031099802092168,0.100932994062765,0.0132880972575629,0.1885778908679672,0.0313825275657336,0.0,0.6265196494204128,0.0,0.0124399208368674,0.0,0.0,2019,-0.0161782596260309,-0.0633138506045811,0.889619702072114,0.593556761741638,0.336424866814516,0.30496209859848,3028,3029
10,20,JHARKHAND,22,SARAIKELA,51,SERAIKELLA (ST),10,SINGHBHUM (ST),2010,Pre delimitation,1.79629048959,0.07293923222,829977392.0,3632,15656,2118,1,3,10,41,1,18,120,1,3271,141,3,0,0,2.54820692606966,1.14475405216217,-0.0413469517722273,-0.0158842476084828,0.313995543968149,0.316268146038055,21406,0.7313837241894796,0.0989442212463795,3610,0.0002770083102493,0.0008310249307479,0.002770083102493,0.0113573407202216,0.0002770083102493,0.0049861495844875,0.0332409972299169,0.0002770083102493,0.9060941828254848,0.0390581717451523,0.0008310249307479,0.0,0.0,2019,0.0341906994581223,0.0069227331931141,2.23123911846897,0.995118975639343,0.217412711775762,0.214790254831314,21270,21266
10,20,JHARKHAND,17,PACHIM SINGHBHUM,56,CHAKRADHARPUR (ST),10,SINGHBHUM (ST),2010,Pre delimitation,2.126953307,0.16572422558,1885844578.0,1074,8349,2631,0,71,332,1023,19,4184,249,14,2246,14,57,0,0,0.510490401790166,0.33389601111412,-0.152777322098464,-0.149560995399952,0.48753161745595,0.496433600783348,12054,0.6926331508213042,0.2182677949228471,8209,0.0,0.0086490437324887,0.0404434157631867,0.1246193202582531,0.0023145328298209,0.5096844926300402,0.03033256182239,0.0017054452430259,0.2736021439883055,0.0017054452430259,0.0069435984894627,0.0,0.0,2019,-0.110688854008913,-0.112300231638769,0.412652530831006,0.254052475094795,0.397958038094144,0.405000776052475,21270,21266
9,20,JHARKHAND,18,PURBI SINGHBHUM,48,JAMSHEDPUR EAST,9,JAMSHEDPUR,2009,Pre delimitation,0.267473963,0.00274870024,31248906.0,87,1715,260,0,0,0,0,0,2,7,0,3,122,0,0,0,39.0665675462597,24.935453414917,-0.101095653598585,-0.0836854390799999,0.187745287347237,0.18235794454813,2062,0.8317167798254123,0.1260911736178467,134,0.0,0.0,0.0,0.0,0.0,0.0149253731343283,0.0522388059701492,0.0,0.0223880597014925,0.9104477611940298,0.0,0.0,0.0,2019,-0.0853642001748085,-0.0999103453041979,37.1956751520616,25.2109279632568,0.140769570155024,0.137746170163155,16109,16109
9,20,JHARKHAND,18,PURBI SINGHBHUM,49,JAMSHEDPUR WEST,9,JAMSHEDPUR,2009,Pre delimitation,0.25290124852,0.00178640933,20313463.0,135,861,74,0,0,0,0,0,2,0,0,14,75,0,0,0,23.3569128157079,24.1002445220947,-0.0890517756274824,-0.0704951994121075,0.20634292350509,0.202695809304714,1070,0.8046728971962617,0.0691588785046729,91,0.0,0.0,0.0,0.0,0.0,0.0219780219780219,0.0,0.0,0.1538461538461538,0.8241758241758241,0.0,0.0,0.0,2019,-0.0769538208842278,-0.0877070060656693,22.9095259370475,22.0065650939941,0.141006659075742,0.13835696130991,16109,16109
11,20,JHARKHAND,21,SIMDEGA,70,SIMDEGA (ST),11,KHUNTI (ST),2011,Pre delimitation,2.00123458503,0.10676669941,1215348935.0,1548,10074,3907,0,0,2,162,239,67,362,1,4391,9,54,7,0,0.400173719983644,0.340749874711037,-0.0800380365165112,-0.0513057634234428,0.366348088890205,0.351721197366714,15529,0.6487217464099427,0.2515937922596432,5294,0.0,0.0,0.000377786173026,0.0306006800151114,0.045145447676615,0.0126558367963732,0.0683792973177181,0.000188893086513,0.8294295428787306,0.0017000377786173,0.0102002266717038,0.0013222516055912,0.0,2019,0.0426287911832333,0.0004089887105353,0.315403394110828,0.24970044195652,0.341276672478588,0.314452648162842,3028,3029
9,20,JHARKHAND,18,PURBI SINGHBHUM,45,GHATSILA (ST),9,JAMSHEDPUR,2009,Pre delimitation,1.41185353128,0.08394648393,956085831.0,2379,17061,81,0,18,226,396,115,441,69,0,2785,47,66,0,2,1.02851087796705,0.757221013307571,-0.121366194415949,-0.0960680209100246,0.404519448156475,0.392427489161491,19521,0.8739818656831105,0.0041493775933609,4165,0.0,0.0043217286914765,0.0542617046818727,0.095078031212485,0.0276110444177671,0.1058823529411764,0.0165666266506602,0.0,0.6686674669867947,0.0112845138055222,0.0158463385354141,0.0,0.0004801920768307,2019,-0.0445591602474451,-0.0763335719244732,0.851465353151383,0.607205331325531,0.322897151770129,0.307164683938026,16109,16109
11,20,JHARKHAND,21,SIMDEGA,71,KOLEBIRA (ST),11,KHUNTI (ST),2011,Pre delimitation,2.48762145312,0.17979752746,2048196499.0,1330,9310,1967,0,0,29,447,442,1290,676,0,6016,0,14,2,0,0.377272952666134,0.339232504367828,-0.105784485053583,-0.0913660638034344,0.400858259468656,0.389616906642914,12607,0.7384786229872293,0.1560244308717379,8916,0.0,0.0,0.003252579632122,0.0501345895020188,0.0495737999102736,0.1446837146702557,0.0758187528039479,0.0,0.6747420367877972,0.0,0.0015702108568864,0.000224315836698,0.0,2019,-0.0153071526437998,-0.041180326493257,0.275922504972427,0.243506968021393,0.365603524153924,0.354633927345276,3028,3029
11,20,JHARKHAND,21,SIMDEGA,59,TORPA (ST),11,KHUNTI (ST),2011,Pre delimitation,1.08520602334,0.04485660279,510617989.0,476,3019,103,0,3,24,169,67,907,99,0,937,0,19,0,0,0.354637226212444,0.333425015211105,-0.124224853761818,-0.110979728400707,0.451854797556773,0.450808390974998,3598,0.8390772651473041,0.0286270150083379,2225,0.0,0.0013483146067415,0.0107865168539325,0.0759550561797752,0.0301123595505618,0.4076404494382022,0.0444943820224719,0.0,0.4211235955056179,0.0,0.0085393258426966,0.0,0.0,2019,-0.0597801189869642,-0.0804870198013765,0.251109171863662,0.237789668142796,0.387120250278561,0.38342846930027,3028,3029
9,20,JHARKHAND,18,PURBI SINGHBHUM,46,POTKA (ST),9,JAMSHEDPUR,2009,Pre delimitation,1.59518230767,0.07616521023,867667835.0,1092,2278,21,0,17,323,235,139,261,78,0,2702,1,20,0,0,0.932734903292728,0.709781765937805,-0.0899109136094887,-0.0509208515286446,0.385740121345862,0.359463006258011,3391,0.6717782365084046,0.0061928634621055,3776,0.0,0.0045021186440677,0.0855402542372881,0.0622351694915254,0.0368114406779661,0.0691207627118644,0.0206567796610169,0.0,0.715572033898305,0.0002648305084745,0.0052966101694915,0.0,0.0,2019,-0.0030903520528227,-0.0474163798212099,0.811364998148886,0.601517200469971,0.294719469496727,0.272880613803864,16109,16109
11,20,JHARKHAND,17,PACHIM SINGHBHUM,57,KHARASAWAN (ST),11,KHUNTI (ST),2011,Pre delimitation,0.62787565159,0.01612226032,183494874.0,264,440,23,0,1,5,2,1,33,0,0,755,0,3,0,0,0.840617903088511,0.778175354003906,-0.0456942765648028,-0.0278781857341528,0.382992601645798,0.372699379920959,727,0.6052269601100413,0.0316368638239339,800,0.0,0.00125,0.00625,0.0025,0.00125,0.04125,0.0,0.0,0.94375,0.0,0.00375,0.0,0.0,2019,0.0333543010056019,0.0081424307845624,0.668715767943755,0.610043227672577,0.289969530736105,0.276942700147629,3028,3029
10,20,JHARKHAND,17,PACHIM SINGHBHUM,52,CHAIBASA (ST),10,SINGHBHUM (ST),2010,Pre delimitation,1.57049754152,0.09996037411,1139407278.0,746,2724,785,0,11,376,455,180,682,184,0,3038,22,10,0,0,0.909138869447577,0.585834681987762,-0.101300931948769,-0.0704022347927094,0.427325548807273,0.402847409248352,4255,0.6401880141010576,0.1844888366627497,4958,0.0,0.0022186365469947,0.0758370310609116,0.0917708753529649,0.036304961678096,0.1375554659136748,0.0371117386042759,0.0,0.6127470754336426,0.0044372730939895,0.0020169423154497,0.0,0.0,2019,-0.0276040202006698,-0.0607471402206257,0.733741037189648,0.424181908369064,0.34355252399799,0.319305658340454,21270,21266
9,20,JHARKHAND,18,PURBI SINGHBHUM,44,BAHARAGORA,9,JAMSHEDPUR,2009,Pre delimitation,1.65860559452,0.0786727261,897101011.0,4610,12445,245,0,1,1,33,9,3,32,0,3576,8,232,0,2,0.900504614492989,0.746275901794434,-0.0796285714138276,-0.0526861529797316,0.332631852911275,0.336352974176407,17300,0.719364161849711,0.0141618497109826,3897,0.0,0.0002566076469078,0.0002566076469078,0.0084680523479599,0.0023094688221709,0.0007698229407236,0.008211444701052,0.0,0.9176289453425712,0.002052861175263,0.0595329740826276,0.0,0.0005132152938157,2019,-0.0097147179767489,-0.0440971301991771,0.784896111706314,0.655620872974396,0.285659017951415,0.2797891497612,16109,16109
10,20,JHARKHAND,17,PACHIM SINGHBHUM,55,MANOHARPUR (ST),10,SINGHBHUM (ST),2010,Pre delimitation,1.81952540825,0.10845967065,1237033315.0,498,12974,300,2,1094,58,746,149,1987,194,0,1062,2,82,0,0,0.443480899082707,0.37389349937439,-0.199678602113632,-0.253986984491348,0.50928426901338,0.545632719993591,13772,0.9420563462097008,0.0217833284925936,5376,0.0003720238095238,0.2034970238095238,0.0107886904761904,0.1387648809523809,0.0277157738095238,0.3696056547619047,0.0360863095238095,0.0,0.1975446428571428,0.0003720238095238,0.0152529761904761,0.0,0.0,2019,-0.21860708296299,-0.167950150784654,0.339239907717487,0.276495724916458,0.42572680399046,0.45032525062561,21270,21266
10,20,JHARKHAND,17,PACHIM SINGHBHUM,53,MAJHGAON (ST),10,SINGHBHUM (ST),2010,Pre delimitation,1.92118962766,0.10345892019,1181093801.0,1246,4948,660,0,0,276,382,132,100,71,2,4106,0,61,0,0,0.631972299426548,0.584760010242462,-0.0398493476330234,0.0092378123663365,0.388536195768717,0.352875456213951,6854,0.7219142106798949,0.0962941348117887,5130,0.0,0.0,0.0538011695906432,0.0744639376218323,0.0257309941520467,0.0194931773879142,0.0138401559454191,0.0003898635477582,0.8003898635477583,0.0,0.0118908382066276,0.0,0.0,2019,0.0345945302397013,-0.0152463726491589,0.449796240915945,0.405081048607826,0.325824522823,0.296456888318062,21270,21266
10,20,JHARKHAND,17,PACHIM SINGHBHUM,54,JAGANATHPUR (ST),10,SINGHBHUM (ST),2010,Pre delimitation,1.97934982536,0.13963659363,1593894392.0,1319,2423,220,3,180,249,1977,742,1754,839,0,1164,0,13,0,0,0.808993152277704,0.469868063926697,-0.144684416283338,-0.178692758083344,0.471580594750215,0.493037268519402,3962,0.6115598182735992,0.0555275113579,6921,0.000433463372345,0.0260078023407022,0.035977459904638,0.2856523623753793,0.1072099407600057,0.2534315850310649,0.1212252564658286,0.0,0.1681837884698743,0.0,0.0018783412801618,0.0,0.0,2019,-0.162040255963802,-0.131876072943823,0.619514729276685,0.339288651943207,0.407225879023904,0.420147866010666,21270,21266
1,20,JHARKHAND,11,DUMKA,4,LITIPARA (ST),1,RAJMAHAL (ST),2001,Pre delimitation,0.79254317884,0.0202490323,227424199.0,57,146,0,0,0,175,23,99,67,25,0,603,0,12,0,0,0.449562530563885,0.429019048810005,-0.0895863248363774,-0.0754548236727715,0.397156108824444,0.391424134373665,203,0.7192118226600985,0.0,1004,0.0,0.0,0.1743027888446215,0.0229083665338645,0.098605577689243,0.0667330677290836,0.0249003984063745,0.0,0.600597609561753,0.0,0.0119521912350597,0.0,0.0,2019,-0.0425253510475159,-0.0625315563292637,0.337071971886186,0.301287829875946,0.330156149168044,0.320896878838539,339059,338511
