OBJECTID,ST_CODE,ST_NAME,DT_CODE,DIST_NAME,AC_NO,AC_NAME,PC_NO,PC_NAME,PC_ID,STATUS,Shape_Leng,Shape_Area,HISTO_0,HISTO_1,HISTO_2,HISTO_3,Water_1,Water_2,Water_3,LC_1,LC_2,LC_4,LC_5,LC_6,LC_7,LC_8,LC_9,LC_10,LC_11,LC_12,LC_13,LC_14,LC_16,LC_17,NDBI_mean,NDBI_median,NDVI_mean,NDVI_median,Water_SUM,Seasonal_Ratio,Permanent_Ratio,NL_mean,NL_median,LC_SUM,LC_1_ratio,LC_2_ratio,LC_4_ratio,LC_5_ratio,LC_6_ratio,LC_7_ratio,LC_8_ratio,LC_9_ratio,LC_10_ratio,LC_11_ratio,LC_12_ratio,LC_13_ratio,LC_14_ratio,LC_16_ratio,LC_17_ratio,Year,NDBI_median_t_minus_1,NDBI_mean_t_minus_1,NL_mean_t_minus_1,NL_median_t_minus_1,NDVI_mean_t_minus_1,NDVI_median_t_minus_1,Water_SUM_t_minus_1,Water_SUM_t_minus_2
5,21,ORISSA,7,MAYURBHANJ,28,RAIRANGPUR (ST),5,MAYURBHANJ (ST),2105,,1.57370127979,0.08237598859,1120206,5821,7452,743,7192,6330,413,0,3,139,223,0,0,91,54,56,0,3503,2,11,0,0,0.0491721424146944,0.0778203755617142,0.265573733149008,0.254380613565445,13935,0.4542518837459634,0.029637603157517,0.5696130888713771,0.4806599318981169,4082,0.0,0.0007349338559529,0.0340519353258206,0.0546300832925036,0.0,0.0,0.0222929936305732,0.0132288094071533,0.0137187653111219,0.0,0.8581577658010779,0.0004899559039686,0.0026947574718275,0.0,0.0,2015,0.0970421507954597,0.0642560527070379,0.488431671761807,0.367911398410797,0.279513494354754,0.260794967412949,1134222,
2,21,ORISSA,5,SUNDARGARH,8,TALSARA (ST),2,SUNDARGARH (ST),2102,,2.9003858872,0.15890645142,2167015,3143,15459,2386,5199,13116,2189,0,22,82,968,0,0,277,393,191,0,5794,0,136,0,0,0.0074690273520309,0.0352192148566246,0.291858707992975,0.280104458332062,20504,0.6396800624268435,0.1067596566523605,0.4469005736198255,0.3803681433200835,7863,0.0,0.0027979142820806,0.0104285895968459,0.1231082284115477,0.0,0.0,0.0352282843698334,0.049980923311713,0.0242909830853363,0.0,0.7368688795625079,0.0,0.0172961973801348,0.0,0.0,2015,0.0533424057066441,0.0243768823657875,0.329671070704016,0.259457290172577,0.295459709132903,0.28640028834343,2188003,
2,21,ORISSA,5,SUNDARGARH,10,BIRAMITRAPUR (ST),2,SUNDARGARH (ST),2102,,2.11010191711,0.10999923206,1453489,9364,37665,14075,12475,34314,13397,0,26,8,141,0,0,34,171,63,24,4881,20,45,10,21,0.0147266985667608,0.0401313006877899,0.244825445469631,0.241051986813545,60186,0.5701325889741801,0.2225932941215565,0.652804594041303,0.4637667834758755,5444,0.0,0.0047759000734753,0.0014695077149155,0.0259000734753857,0.0,0.0,0.0062454077883908,0.0314107274063188,0.0115723732549595,0.0044085231447465,0.8965833945628214,0.0036737692872887,0.0082659808963997,0.0018368846436443,0.0038574577516531,2015,0.0533424057066441,0.0243768823657875,0.329671070704016,0.259457290172577,0.295459709132903,0.28640028834343,2188003,
5,21,ORISSA,7,MAYURBHANJ,27,SARASKANA (ST),5,MAYURBHANJ (ST),2105,,2.49636031594,0.09499891628,1284938,3226,10018,9860,4949,11847,6119,0,34,236,355,0,0,386,108,112,6,3417,0,50,1,1,0.0146083793747411,0.0423709955066442,0.304403967604432,0.295978128910065,22915,0.5169975998254418,0.2670303294785075,0.552398993758209,0.4906460493803025,4706,0.0,0.0072248193795155,0.0501487462813429,0.0754356141096472,0.0,0.0,0.0820229494262643,0.0229494262643433,0.0237994050148746,0.0012749681257968,0.726094347641309,0.0,0.0106247343816404,0.0002124946876328,0.0002124946876328,2015,0.0970421507954597,0.0642560527070379,0.488431671761807,0.367911398410797,0.279513494354754,0.260794967412949,1134222,
2,21,ORISSA,5,SUNDARGARH,13,RAJGANGPUR (ST),2,SUNDARGARH (ST),2102,,1.86465454107,0.11130511905,1486573,5340,28335,12315,6765,25061,11043,0,23,313,233,0,0,193,63,797,18,3739,120,8,2,9,-0.0160810900556967,0.0087880846112966,0.255500991089275,0.245601281523705,42869,0.584594928736383,0.2575987310177517,0.855446141731633,0.4459301903843879,5518,0.0,0.0041681768756795,0.0567234505255527,0.0422254440014498,0.0,0.0,0.0349764407393983,0.011417180137731,0.1444363899963755,0.0032620514679231,0.677600579920261,0.0217470097861544,0.0014498006524102,0.0003624501631025,0.0016310257339615,2015,0.0533424057066441,0.0243768823657875,0.329671070704016,0.259457290172577,0.295459709132903,0.28640028834343,2188003,
2,21,ORISSA,5,SUNDARGARH,12,ROURKELA,2,SUNDARGARH (ST),2102,,0.37527958871,0.00529466647,69928,53,2476,439,457,2339,108,0,0,0,0,0,0,0,6,4,0,85,172,0,0,0,-0.0490023829471806,-0.048694770783186,0.234332030141673,0.234214887022972,2904,0.8054407713498623,0.0371900826446281,9.766133170330384,10.106570243835424,267,0.0,0.0,0.0,0.0,0.0,0.0,0.0,0.0224719101123595,0.0149812734082397,0.0,0.3183520599250936,0.6441947565543071,0.0,0.0,0.0,2015,0.0533424057066441,0.0243768823657875,0.329671070704016,0.259457290172577,0.295459709132903,0.28640028834343,2188003,
5,21,ORISSA,7,MAYURBHANJ,29,BANGRIPOSI (ST),5,MAYURBHANJ (ST),2105,,4.04802885141,0.19169015672,2626224,2961,9523,706,4885,6207,837,0,2998,284,1761,0,0,945,37,76,0,3209,11,181,0,9,-0.116194194523833,-0.144412882626057,0.419803149408036,0.428248196840286,11929,0.5203286109481097,0.0701651437672898,0.422384875365683,0.304225824773312,9511,0.0,0.315213962779939,0.0298601619177794,0.185154032173273,0.0,0.0,0.0993586373672589,0.0038902323625275,0.007990747555462,0.0,0.3373988013878666,0.0011565555672379,0.0190305961518242,0.0,0.000946272736831,2015,0.0970421507954597,0.0642560527070379,0.488431671761807,0.367911398410797,0.279513494354754,0.260794967412949,1134222,
2,21,ORISSA,5,SUNDARGARH,11,RAGHUNATHPALI (SC),2,SUNDARGARH (ST),2102,,0.81992426604,0.01803655969,242768,715,3789,1073,953,2993,822,0,46,6,50,0,0,61,117,33,0,429,148,0,0,0,-0.0429574320343247,-0.0329279713332653,0.239435268007037,0.247875154018402,4768,0.6277265100671141,0.1723993288590604,4.510579385774005,0.8644280582666395,890,0.0,0.0516853932584269,0.0067415730337078,0.0561797752808988,0.0,0.0,0.0685393258426966,0.1314606741573033,0.0370786516853932,0.0,0.4820224719101124,0.1662921348314607,0.0,0.0,0.0,2015,0.0533424057066441,0.0243768823657875,0.329671070704016,0.259457290172577,0.295459709132903,0.28640028834343,2188003,
5,21,ORISSA,7,MAYURBHANJ,26,JASHIPUR (ST),5,MAYURBHANJ (ST),2105,,3.42231329053,0.13163002864,1801015,4068,6369,924,4172,6280,739,0,794,20,1022,0,0,576,19,175,0,3871,0,32,0,0,-0.0266613514436393,0.014517383184284,0.337351429006161,0.317051649093628,11191,0.5611652220534358,0.0660352068626574,0.4385355057994254,0.3911245465278625,6509,0.0,0.1219849439237978,0.0030726686126901,0.1570133661084652,0.0,0.0,0.0884928560454755,0.0029190351820556,0.0268858503610385,0.0,0.594715009986173,0.0,0.0049162697803041,0.0,0.0,2015,0.0970421507954597,0.0642560527070379,0.488431671761807,0.367911398410797,0.279513494354754,0.260794967412949,1134222,
2,21,ORISSA,5,SUNDARGARH,9,SUNDARGARH (ST),2,SUNDARGARH (ST),2102,,2.86661590385,0.15852373909,2154364,5957,21552,910,8029,17154,384,0,18,322,834,0,0,464,205,1132,0,4822,14,48,0,0,-0.0017177271870301,0.0165505483746529,0.278963392436544,0.274970978498459,25567,0.6709430124770212,0.0150193608949035,0.9192182949968846,0.523511439561844,7859,0.0,0.0022903677312635,0.0409721338592696,0.106120371548543,0.0,0.0,0.059040590405904,0.0260847436060567,0.144038681766128,0.0,0.6135640666751495,0.001781397124316,0.0061076472833693,0.0,0.0,2015,0.0533424057066441,0.0243768823657875,0.329671070704016,0.259457290172577,0.295459709132903,0.28640028834343,2188003,
3,21,ORISSA,3,SAMBALPUR,15,KUCHINDA (ST),3,SAMBALPUR,2103,,3.416529309,0.19502294301,2673959,2936,8069,282,2112,8149,150,0,393,605,1805,0,0,950,990,210,0,4021,0,679,0,0,-0.0620865143478488,-0.0400729179382324,0.327570957881132,0.32118584215641,10411,0.7827298050139275,0.0144078378637979,0.4306702210839065,0.378472462296486,9653,0.0,0.0407127317932249,0.0626748161193411,0.18698850098415,0.0,0.0,0.0984150005179736,0.1025587900134673,0.0217548948513415,0.0,0.416554439034497,0.0,0.0703408266860043,0.0,0.0,2015,-0.0096301920711994,-0.0389877554529281,0.307868329976431,0.248355150222778,0.352857502939304,0.343043580651283,2685246,
4,21,ORISSA,6,KENDUJHAR,25,CHAMPUA,4,KEONJHAR (ST),2104,,2.04316541594,0.08587389938,1164366,3985,13290,717,7441,7375,774,30,5,112,473,7,0,486,227,1482,0,1421,4,9,0,0,0.0116774911990274,0.0330832786858082,0.296831325053095,0.295700088143349,15590,0.473059653624118,0.0496472097498396,2.079453294010025,0.987675935029984,4256,0.0070488721804511,0.0011748120300751,0.0263157894736842,0.1111372180451127,0.0016447368421052,0.0,0.1141917293233082,0.0533364661654135,0.3482142857142857,0.0,0.3338815789473684,0.0009398496240601,0.0021146616541353,0.0,0.0,2015,0.0433035083115101,0.0136600184634076,2.0114955951581,0.88878470659256,0.326470615310556,0.310842990875244,1182358,
5,21,ORISSA,7,MAYURBHANJ,34,MORADA,5,MAYURBHANJ (ST),2105,,2.17515560128,0.0793518347,1071437,4990,13014,3162,11748,7521,911,0,0,3,101,0,0,8,0,7,0,3776,0,19,0,19,0.0313718560213475,0.0579208135604858,0.279732004602649,0.268783122301102,20180,0.3726957383548067,0.0451437066402378,0.488664004146792,0.4501379281282425,3933,0.0,0.0,0.0007627765064836,0.0256801423849478,0.0,0.0,0.0020340706839562,0.0,0.0017798118484617,0.0,0.9600813628273582,0.0,0.0048309178743961,0.0,0.0048309178743961,2015,0.0970421507954597,0.0642560527070379,0.488431671761807,0.367911398410797,0.279513494354754,0.260794967412949,1134222,
2,21,ORISSA,5,SUNDARGARH,14,BONAI (ST),2,SUNDARGARH (ST),2102,,3.07142060274,0.2890720195,3931288,2926,41066,4894,6915,32465,2256,2,855,495,4159,8,0,2352,2972,1186,0,2237,0,69,0,0,-0.05593667990925,-0.0498293358832598,0.31134039419778,0.310876443982124,41636,0.7797338841387261,0.0541838793351907,0.5714297985090064,0.3623727411031725,14335,0.0001395186606208,0.0596442274154168,0.0345308685036623,0.2901290547610743,0.0005580746424834,0.0,0.164073944890129,0.207324729682595,0.0827345657481688,0.0,0.1560516219044297,0.0,0.0048133937914196,0.0,0.0,2015,0.0533424057066441,0.0243768823657875,0.329671070704016,0.259457290172577,0.295459709132903,0.28640028834343,2188003,
5,21,ORISSA,7,MAYURBHANJ,33,BARIPADA (ST),5,MAYURBHANJ (ST),2105,,1.99240308064,0.05130231133,701141,1355,3663,210,1880,3148,79,0,0,8,46,0,0,21,1,5,0,2427,4,37,0,3,0.0372110664354797,0.0640765503048897,0.289730197560869,0.279214680194855,5107,0.6164088505972195,0.0154689641668298,0.814731553511389,0.491695463657379,2552,0.0,0.0,0.0031347962382445,0.0180250783699059,0.0,0.0,0.0082288401253918,0.0003918495297805,0.0019592476489028,0.0,0.9510188087774296,0.0015673981191222,0.0144984326018808,0.0,0.0011755485893416,2015,0.0970421507954597,0.0642560527070379,0.488431671761807,0.367911398410797,0.279513494354754,0.260794967412949,1134222,
6,21,ORISSA,8,BALESHWAR,35,JALESWAR,6,BALASORE,2106,,1.54363294463,0.04352318056,564065,13947,19313,1960,12328,22114,445,0,0,0,2,0,0,0,0,3,0,2081,0,11,0,59,-0.0899236273987905,-0.0811986699700356,0.307433401396197,0.31913498044014,34887,0.6338750824089202,0.0127554676527073,0.6659118968717674,0.5670596957206725,2156,0.0,0.0,0.0,0.0009276437847866,0.0,0.0,0.0,0.0,0.0013914656771799,0.0,0.9652133580705008,0.0,0.0051020408163265,0.0,0.0273654916512059,2015,-0.0784274786710739,-0.0893992897712419,0.52594819584864,0.434496939182281,0.302085397870218,0.301358550786972,599285,
1,21,ORISSA,2,JHARSUGUDA  *,7,JHARSUGUDA,1,BARGARH,2101,,1.56734318384,0.08391059837,1122042,7569,24098,1633,6137,24760,930,0,1,10,96,0,0,43,17,49,0,3866,44,41,0,0,0.0090194475382132,0.0371357817202806,0.235082889626666,0.232721038162708,31827,0.7779558236717252,0.0292204731831463,1.785629874873175,0.774146258831024,4167,0.0,0.0002399808015358,0.0023998080153587,0.0230381569474442,0.0,0.0,0.0103191744660427,0.0040796736261099,0.0117590592752579,0.0,0.9277657787377008,0.0105591552675785,0.0098392128629709,0.0,0.0,2015,0.068064209073782,0.0377199809079846,1.95290440156909,0.746177196502686,0.245533639280099,0.241399809718132,1155342,
4,21,ORISSA,6,KENDUJHAR,24,KEONJHAR (ST),4,KEONJHAR (ST),2104,,2.30034389086,0.09235723405,1257621,3086,6546,4415,2878,6849,4051,0,18,207,167,0,0,418,351,569,0,2791,25,14,13,1,0.0216220327181165,0.0456239320337772,0.310523301234435,0.30670154094696,13778,0.4970968210190158,0.2940194512991726,0.8044239232216615,0.5449149161577225,4574,0.0,0.0039352864013992,0.0452557936160909,0.0365107127240926,0.0,0.0,0.0913860953213817,0.0767380848272846,0.1243987756886751,0.0,0.610188019239178,0.0054656755574989,0.0030607783121993,0.0028421512898994,0.0002186270222999,2015,0.0433035083115101,0.0136600184634076,2.0114955951581,0.88878470659256,0.326470615310556,0.310842990875244,1182358,
4,21,ORISSA,6,KENDUJHAR,23,PATNA (ST),4,KEONJHAR (ST),2104,,2.31802725995,0.10309037927,1402019,3067,10480,3890,2530,12381,2213,0,0,0,145,0,0,52,16,33,0,4760,0,106,0,0,0.0461952009018378,0.0766965188086033,0.291376559476781,0.283858969807625,17124,0.72302032235459,0.1292338238729269,0.4391847172337535,0.4049781039357185,5112,0.0,0.0,0.0,0.0283646322378716,0.0,0.0,0.0101721439749608,0.0031298904538341,0.0064553990610328,0.0,0.9311424100156496,0.0,0.020735524256651,0.0,0.0,2015,0.0433035083115101,0.0136600184634076,2.0114955951581,0.88878470659256,0.326470615310556,0.310842990875244,1182358,
4,21,ORISSA,7,MAYURBHANJ,30,KARANJIA (ST),4,KEONJHAR (ST),2104,,3.15945493084,0.16891162162,2315174,2019,7442,1102,3081,4415,286,0,1652,31,1218,0,0,2049,214,73,0,2733,2,378,0,12,-0.0844023231944633,-0.0901206210255623,0.395337807983575,0.399134010076523,7782,0.5673348753533796,0.036751477769211,0.3657465236321745,0.3078995645046235,8362,0.0,0.1975603922506577,0.0037072470700789,0.1456589332695527,0.0,0.0,0.2450370724707007,0.0255919636450609,0.00872996890696,0.0,0.3268356852427649,0.0002391772303276,0.0452044965319301,0.0,0.001435063381966,2015,0.0433035083115101,0.0136600184634076,2.0114955951581,0.88878470659256,0.326470615310556,0.310842990875244,1182358,
1,21,ORISSA,2,JHARSUGUDA  *,6,BRAJARAJNAGAR,1,BARGARH,2101,,2.0740379374,0.10099132798,935811,28677,244293,181743,29006,242519,179346,0,0,27,284,0,0,28,33,1005,254,2394,137,2,39,797,-0.106896016712653,-0.0300409030169249,0.14711536476257,0.213549055159092,450871,0.5378899951427348,0.3977767476728376,1.445117363233385,0.6556679904460905,5000,0.0,0.0,0.0054,0.0568,0.0,0.0,0.0056,0.0066,0.201,0.0508,0.4788,0.0274,0.0004,0.0078,0.1594,2015,0.068064209073782,0.0377199809079846,1.95290440156909,0.746177196502686,0.245533639280099,0.241399809718132,1155342,
6,21,ORISSA,7,MAYURBHANJ,32,BADASAHI (SC),6,BALASORE,2106,,1.54472019678,0.05080744972,686698,5519,7058,257,7135,5183,191,0,0,0,8,0,0,0,0,0,0,2482,0,21,0,2,0.0076608752287447,0.0362675730139017,0.284792755375021,0.274310782551765,12509,0.4143416739947238,0.0152690063154528,0.6141877745392295,0.5554450899362565,2513,0.0,0.0,0.0,0.003183446080382,0.0,0.0,0.0,0.0,0.0,0.0,0.9876641464385196,0.0,0.0083565459610027,0.0,0.0007958615200955,2015,-0.0784274786710739,-0.0893992897712419,0.52594819584864,0.434496939182281,0.302085397870218,0.301358550786972,599285,
6,21,ORISSA,8,BALESHWAR,36,BHOGRAI,6,BALASORE,2106,,0.93723227488,0.03042636553,329766,49034,24993,15163,28599,44393,14678,0,0,0,0,0,0,0,24,45,28,1285,0,82,10,41,-0.202184241155724,-0.20400582998991,0.334930236531155,0.366020157933235,87670,0.5063647770046766,0.1674232918900422,0.6530077955999884,0.573080241680145,1515,0.0,0.0,0.0,0.0,0.0,0.0,0.0,0.0158415841584158,0.0297029702970297,0.0184818481848184,0.8481848184818482,0.0,0.0541254125412541,0.0066006600660066,0.027062706270627,2015,-0.0784274786710739,-0.0893992897712419,0.52594819584864,0.434496939182281,0.302085397870218,0.301358550786972,599285,
4,21,ORISSA,6,KENDUJHAR,20,TELKOI (ST),4,KEONJHAR (ST),2104,,3.66148575551,0.26186113666,3587093,4643,9798,4064,2929,11216,4190,0,736,376,2203,0,0,1799,3183,1232,5,2502,0,950,1,0,-0.0320335065893309,-0.0064147759694606,0.367086016256265,0.360329940915108,18335,0.6117262067084811,0.2285246795745841,0.3997885930064815,0.3238367810845375,12987,0.0,0.0566720566720566,0.0289520289520289,0.1696311696311696,0.0,0.0,0.1385231385231385,0.245091245091245,0.0948640948640948,0.0003850003850003,0.1926541926541926,0.0,0.0731500731500731,7.7000077000077e-05,0.0,2015,0.0433035083115101,0.0136600184634076,2.0114955951581,0.88878470659256,0.326470615310556,0.310842990875244,1182358,
6,21,ORISSA,8,BALESHWAR,37,BASTA,6,BALASORE,2106,,1.75398916699,0.03880654806,402841,68261,26445,36781,54311,40888,35817,0,0,0,0,0,0,0,6,29,11,1698,0,7,6,162,-0.110165233682221,-0.104955583810806,0.262770169597335,0.294665589928627,131016,0.3120840202723332,0.2733788239604323,0.688801200570886,0.6322876065969469,1919,0.0,0.0,0.0,0.0,0.0,0.0,0.0,0.0031266284523189,0.0151120375195414,0.0057321521625846,0.8848358520062533,0.0,0.003647733194372,0.0031266284523189,0.0844189682126107,2015,-0.0784274786710739,-0.0893992897712419,0.52594819584864,0.434496939182281,0.302085397870218,0.301358550786972,599285,
5,21,ORISSA,7,MAYURBHANJ,31,UDALA (ST),5,MAYURBHANJ (ST),2105,,1.76994629727,0.05811612426,782457,2769,8167,6801,3195,8104,6283,0,0,0,11,0,0,168,4,8,1,2591,0,65,0,34,-0.0066973206218651,0.0158824007958174,0.301835501568963,0.300439283251762,17582,0.460925946991241,0.3573541121601638,0.4837118188712724,0.433612063527107,2882,0.0,0.0,0.0,0.0038167938931297,0.0,0.0,0.0582928521859819,0.0013879250520471,0.0027758501040943,0.0003469812630117,0.899028452463567,0.0,0.0225537820957668,0.0,0.0117973629424011,2015,0.0970421507954597,0.0642560527070379,0.488431671761807,0.367911398410797,0.279513494354754,0.260794967412949,1134222,
3,21,ORISSA,3,SAMBALPUR,16,RENGALI (SC),3,SAMBALPUR,2103,,2.7698832668,0.09568037962,1118117,22765,82852,93699,7862,97166,91433,0,0,179,91,0,0,40,38,475,35,3462,35,23,32,335,-0.104331783534387,-0.0584020614624023,0.219470333383035,0.250570774078369,196461,0.4945816217977105,0.4654002575574796,1.6884991058133298,0.845669686794281,4745,0.0,0.0,0.0377239199157007,0.0191780821917808,0.0,0.0,0.0084299262381454,0.0080084299262381,0.1001053740779768,0.0073761854583772,0.7296101159114857,0.0073761854583772,0.0048472075869336,0.0067439409905163,0.0706006322444678,2015,-0.0096301920711994,-0.0389877554529281,0.307868329976431,0.248355150222778,0.352857502939304,0.343043580651283,2685246,
3,21,ORISSA,4,DEBAGARH  *,19,DEOGARH,3,SAMBALPUR,2103,,3.64445376509,0.25213744912,3170285,17851,151807,131717,46782,101915,151460,0,342,811,1836,0,0,1056,2170,757,71,3899,0,997,53,513,-0.0400766332181865,-0.0027646337402984,0.289568131110593,0.298159718513489,300157,0.3395389746032909,0.5046025913105475,0.396599824984954,0.3390146046876909,12505,0.0,0.0273490603758496,0.0648540583766493,0.1468212714914034,0.0,0.0,0.0844462215113954,0.173530587764894,0.0605357856857257,0.0056777289084366,0.3117952818872451,0.0,0.0797281087564974,0.0042383046781287,0.0410235905637744,2015,-0.0096301920711994,-0.0389877554529281,0.307868329976431,0.248355150222778,0.352857502939304,0.343043580651283,2685246,
1,21,ORISSA,1,BARGARH  *,5,BHATLI,1,BARGARH,2101,,2.6634395357,0.1405586326,1832384,11640,61669,29654,14654,58089,29339,0,0,634,4,0,0,11,64,682,82,5346,0,5,9,132,0.021120770764813,0.0547201558947563,0.244241478641762,0.253883898258209,102082,0.5690425344331028,0.2874062028565271,0.524057511687107,0.4208506569266315,6969,0.0,0.0,0.0909743148227866,0.0005739704405223,0.0,0.0,0.0015784187114363,0.009183527048357,0.0978619601090543,0.0117663940307074,0.7671114937580714,0.0,0.0007174630506528,0.0012914334911752,0.0189410245372363,2015,0.068064209073782,0.0377199809079846,1.95290440156909,0.746177196502686,0.245533639280099,0.241399809718132,1155342,
6,21,ORISSA,8,BALESHWAR,38,BALASORE,6,BALASORE,2106,,1.49825074253,0.03437562531,287114,81719,46521,57988,78644,43349,60892,0,0,0,0,0,0,0,1,95,15,1354,40,2,6,195,-0.0396133665268584,0.02726393006742,0.177415262141932,0.200427122414112,182885,0.2370287339038193,0.3329524017825409,1.76148771293012,0.8652216792106631,1708,0.0,0.0,0.0,0.0,0.0,0.0,0.0,0.0005854800936768,0.0556206088992974,0.0087822014051522,0.7927400468384075,0.0234192037470726,0.0011709601873536,0.0035128805620608,0.1141686182669789,2015,-0.0784274786710739,-0.0893992897712419,0.52594819584864,0.434496939182281,0.302085397870218,0.301358550786972,599285,
6,21,ORISSA,8,BALESHWAR,39,REMUNA (SC),6,BALASORE,2106,,1.96095262952,0.03895355793,445412,22547,27101,41277,28715,18261,41111,0,0,0,0,0,0,0,0,89,3,1667,9,0,10,153,-0.0145067591033203,0.0391413010656834,0.222466908677919,0.232364922761917,88087,0.2073064129780785,0.4667090490083667,1.6896611413856348,1.11367440223694,1931,0.0,0.0,0.0,0.0,0.0,0.0,0.0,0.0,0.046090108751942,0.0015535991714137,0.8632832729155878,0.0046607975142413,0.0,0.0051786639047125,0.0792335577421025,2015,-0.0784274786710739,-0.0893992897712419,0.52594819584864,0.434496939182281,0.302085397870218,0.301358550786972,599285,
9,21,ORISSA,15,ANUGUL  *,59,PALLAHARA,9,DHENKANAL,2109,,2.99051146901,0.15045544241,1871103,9577,93355,97522,26789,63197,109231,6,443,240,550,0,0,373,1292,426,49,3028,0,634,40,370,-0.0394010251016115,0.0079503692686557,0.297997620080397,0.310952395200729,199217,0.3172269434837388,0.5483016007670029,0.5861818232491175,0.4332644194364545,7451,0.0008052610387867,0.0594551066970876,0.0322104415514696,0.0738155952221178,0.0,0.0,0.050060394577909,0.1733995436854113,0.0571735337538585,0.006576298483425,0.4063884042410414,0.0,0.0850892497651322,0.0053684069252449,0.0496577640585156,2015,-0.010670093819499,-0.0562848508836002,0.456441605710312,0.272431582212448,0.336226256468875,0.35312882065773,2071557,
4,21,ORISSA,6,KENDUJHAR,21,GHASIPURA,4,KEONJHAR (ST),2104,,3.13324714048,0.11106655872,1505451,6618,15005,2145,8083,13460,1700,0,1,17,683,0,0,521,97,71,0,3873,5,234,0,8,0.0086705544297416,0.0392156578600407,0.320993124808336,0.318272829055786,23243,0.5790990835950609,0.0731403003054683,0.55835730915166,0.380618721246719,5510,0.0,0.0001814882032667,0.0030852994555353,0.1239564428312159,0.0,0.0,0.0945553539019963,0.0176043557168784,0.0128856624319419,0.0,0.7029038112522686,0.0009074410163339,0.0424682395644283,0.0,0.0014519056261343,2015,0.0433035083115101,0.0136600184634076,2.0114955951581,0.88878470659256,0.326470615310556,0.310842990875244,1182358,
6,21,ORISSA,8,BALESHWAR,40,NILGIRI,6,BALASORE,2106,,1.61583712239,0.06548531185,896004,1762,3765,120,2071,3059,193,0,219,324,252,0,0,227,5,16,0,2152,0,49,0,0,-0.0648254351013697,-0.0495791882276535,0.342055000277007,0.323880642652512,5323,0.5746759346233327,0.036257749389442,0.6166671450882231,0.5045814961194994,3244,0.0,0.0675092478421701,0.0998766954377312,0.0776818742293464,0.0,0.0,0.0699753390875462,0.00154130702836,0.0049321824907521,0.0,0.6633785450061652,0.0,0.0151048088779284,0.0,0.0,2015,-0.0784274786710739,-0.0893992897712419,0.52594819584864,0.434496939182281,0.302085397870218,0.301358550786972,599285,
1,21,ORISSA,1,BARGARH  *,4,ATTABIRA (SC),1,BARGARH,2101,,1.72757378811,0.08799553665,1088096,11310,25937,86247,8945,27529,86307,0,0,171,13,0,0,11,38,329,60,3427,0,3,11,293,-0.219360785069115,-0.270688280463219,0.312014531524964,0.335435420274734,122781,0.2242122152450297,0.7029344931218999,0.7289789124418645,0.606411010026932,4356,0.0,0.0,0.0392561983471074,0.0029843893480257,0.0,0.0,0.0025252525252525,0.0087235996326905,0.0755280073461891,0.0137741046831955,0.7867309458218549,0.0,0.0006887052341597,0.0025252525252525,0.0672635445362718,2015,0.068064209073782,0.0377199809079846,1.95290440156909,0.746177196502686,0.245533639280099,0.241399809718132,1155342,
4,21,ORISSA,6,KENDUJHAR,22,ANANDAPUR (SC),4,KEONJHAR (ST),2104,,2.14064568603,0.06964829995,881603,18211,38098,21080,34602,27494,12712,0,4,115,289,0,0,390,80,90,0,2228,0,143,0,114,-0.0301402932922543,-0.0031405482441186,0.315429792751457,0.31235408782959,74808,0.3675275371618008,0.1699283499091006,0.5270621060367879,0.4408757388591765,3453,0.0,0.0011584129742253,0.0333043730089777,0.0836953373877787,0.0,0.0,0.1129452649869678,0.0231682594845062,0.0260642919200695,0.0,0.6452360266434984,0.0,0.0414132638285548,0.0,0.0330147697654213,2015,0.0433035083115101,0.0136600184634076,2.0114955951581,0.88878470659256,0.326470615310556,0.310842990875244,1182358,
3,21,ORISSA,3,SAMBALPUR,17,SAMBALPUR,3,SAMBALPUR,2103,,0.62079737593,0.01002401674,116712,7755,9917,3633,1216,15512,4383,0,0,0,0,0,0,0,23,62,12,246,150,0,4,0,-0.0833933433821671,-0.0474797748029232,0.243247446080202,0.249012440443039,21111,0.7347828146463928,0.2076168821941168,6.924372554488995,4.30650317668915,497,0.0,0.0,0.0,0.0,0.0,0.0,0.0,0.0462776659959758,0.124748490945674,0.0241448692152917,0.4949698189134809,0.3018108651911468,0.0,0.0080482897384305,0.0,2015,-0.0096301920711994,-0.0389877554529281,0.307868329976431,0.248355150222778,0.352857502939304,0.343043580651283,2685246,
3,21,ORISSA,3,SAMBALPUR,18,RAIRAKHOL,3,SAMBALPUR,2103,,3.34658950263,0.28004917935,3818937,11177,20199,5623,7636,23000,5200,0,239,1150,4014,0,0,1509,3661,357,5,2463,3,477,0,4,-0.0823940799686633,-0.0808107331395149,0.357613839614752,0.362741738557816,35836,0.6418127023105257,0.1451054805223797,0.434347189354237,0.3536298647522925,13882,0.0,0.0172165394035441,0.0828410891802333,0.2891514191038755,0.0,0.0,0.1087019161504106,0.2637228065120299,0.0257167555107333,0.0003601786486097,0.1774240023051433,0.0002161071891658,0.0343610430773663,0.0,0.0002881429188877,2015,-0.0096301920711994,-0.0389877554529281,0.307868329976431,0.248355150222778,0.352857502939304,0.343043580651283,2685246,
7,21,ORISSA,8,BALESHWAR,41,SORO (SC),7,BHADRAK (SC),2107,,1.17136659095,0.03967845515,496798,8949,11425,29188,12391,8380,28584,0,0,2,1,0,0,2,0,17,5,1817,2,4,0,117,-0.0254039097933413,0.0094082704745233,0.217505380318186,0.224812902510166,49355,0.1697902948029581,0.5791510485259852,0.7853624476756125,0.644371837377548,1967,0.0,0.0,0.0010167768174885,0.0005083884087442,0.0,0.0,0.0010167768174885,0.0,0.0086426029486527,0.0025419420437214,0.923741738688358,0.0010167768174885,0.0020335536349771,0.0,0.0594814438230808,2015,0.056480810046196,0.005100505024214,0.660038722209099,0.518786728382111,0.253604774166743,0.25891338288784,546360,
1,21,ORISSA,1,BARGARH  *,3,BARGARH,1,BARGARH,2101,,1.172142095,0.04055370721,550851,3797,3713,15,4072,2890,100,0,0,0,0,0,0,0,4,0,0,1989,19,0,0,0,-0.149013143289175,-0.154709368944168,0.314958853966789,0.303745359182358,7062,0.4092325120362503,0.0141602945341263,1.588708680313895,0.9126280546188354,2012,0.0,0.0,0.0,0.0,0.0,0.0,0.0,0.0019880715705765,0.0,0.0,0.9885685884691848,0.0094433399602385,0.0,0.0,0.0,2015,0.068064209073782,0.0377199809079846,1.95290440156909,0.746177196502686,0.245533639280099,0.241399809718132,1155342,
7,21,ORISSA,8,BALESHWAR,42,SIMULIA,7,BHADRAK (SC),2107,,1.44638197523,0.04712094828,639660,5831,3253,33,7897,962,17,0,0,1,0,0,0,1,0,0,0,2332,0,1,0,0,-0.0122207683263513,0.0013594755437225,0.226326383310362,0.228726729750633,8876,0.108382154123479,0.0019152771518702,0.4834676968050739,0.4369214326143265,2335,0.0,0.0,0.0004282655246252,0.0,0.0,0.0,0.0004282655246252,0.0,0.0,0.0,0.9987152034261242,0.0,0.0004282655246252,0.0,0.0,2015,0.056480810046196,0.005100505024214,0.660038722209099,0.518786728382111,0.253604774166743,0.25891338288784,546360,
7,21,ORISSA,9,BHADRAK  *,45,BASUDEVPUR,7,BHADRAK (SC),2107,,1.36623932577,0.05133537279,502636,60222,113381,30593,109797,53950,36096,0,0,0,0,0,0,0,0,115,61,2220,0,0,1,153,-0.0271501842562044,0.0218871021643281,0.197650131789633,0.202547699213028,199843,0.2699619201072842,0.1806217881036613,0.6135808164868566,0.534213811159134,2550,0.0,0.0,0.0,0.0,0.0,0.0,0.0,0.0,0.0450980392156862,0.0239215686274509,0.8705882352941177,0.0,0.0,0.000392156862745,0.06,2015,0.056480810046196,0.005100505024214,0.660038722209099,0.518786728382111,0.253604774166743,0.25891338288784,546360,
7,21,ORISSA,9,BHADRAK  *,43,BHANDARIPOKHARI,7,BHADRAK (SC),2107,,1.50594906887,0.04318820889,564217,9025,20798,632,21189,7822,380,0,0,0,0,0,0,0,0,0,0,2138,2,0,0,3,0.0167392475809462,0.0366102419793606,0.242820364462469,0.238362036645412,29391,0.2661358919397094,0.0129291279643428,0.7025074357125185,0.62541475892067,2143,0.0,0.0,0.0,0.0,0.0,0.0,0.0,0.0,0.0,0.0,0.9976668222118524,0.0009332711152589,0.0,0.0,0.0013999066728884,2015,0.056480810046196,0.005100505024214,0.660038722209099,0.518786728382111,0.253604774166743,0.25891338288784,546360,
1,21,ORISSA,1,BARGARH  *,2,BIJEPUR,1,BARGARH,2101,,2.38872123602,0.07952286315,1079224,6448,9101,161,7325,7736,32,0,0,54,0,0,0,11,5,4,0,3872,0,0,0,0,0.0045756441878799,0.047938859090209,0.273536759108651,0.26771005988121,15093,0.5125554892996753,0.0021201881666997,0.693018240494653,0.5154424607753755,3946,0.0,0.0,0.0136847440446021,0.0,0.0,0.0,0.0027876330461226,0.0012671059300557,0.0010136847440446,0.0,0.9812468322351748,0.0,0.0,0.0,0.0,2015,0.068064209073782,0.0377199809079846,1.95290440156909,0.746177196502686,0.245533639280099,0.241399809718132,1155342,
9,21,ORISSA,14,DHENKANAL,58,PARJANGA,9,DHENKANAL,2109,,2.46394245064,0.135877521,1825369,6835,24835,13870,7111,27530,10343,0,85,136,791,0,0,319,848,300,8,3868,0,348,1,28,-0.0140439833926481,0.0135022383183241,0.328272493237174,0.324899882078171,44984,0.6119953761337364,0.2299261959807931,0.6444315905469695,0.4950496703386305,6732,0.0,0.0126262626262626,0.0202020202020202,0.117498514557338,0.0,0.0,0.0473856209150326,0.1259655377302436,0.0445632798573975,0.0011883541295306,0.5745692216280451,0.0,0.0516934046345811,0.0001485442661913,0.0041592394533571,2015,-0.010670093819499,-0.0562848508836002,0.456441605710312,0.272431582212448,0.336226256468875,0.35312882065773,2071557,
7,21,ORISSA,9,BHADRAK  *,44,BHADRAK,7,BHADRAK (SC),2107,,1.10921126598,0.02991867014,403951,5097,2894,12,6162,1743,13,0,0,0,0,0,0,0,1,0,0,1454,23,1,0,0,0.0046020613488099,0.0270489081740379,0.246507274411561,0.242437221109867,7918,0.2201313462995706,0.0016418287446324,1.17272696337755,0.8034762144088745,1479,0.0,0.0,0.0,0.0,0.0,0.0,0.0,0.0006761325219743,0.0,0.0,0.9830966869506425,0.015551048005409,0.0006761325219743,0.0,0.0,2015,0.056480810046196,0.005100505024214,0.660038722209099,0.518786728382111,0.253604774166743,0.25891338288784,546360,
8,21,ORISSA,13,JAJAPUR  *,54,SUKINDA,8,JAJPUR (SC),2108,,1.79699040578,0.07448790052,982868,16374,19894,6511,9946,28237,3839,0,14,163,200,0,0,201,99,136,0,2768,22,67,2,14,0.0134510703526494,0.0456785410642624,0.285945208502939,0.269682973623276,42022,0.6719575460473085,0.0913569082861358,4.3181919207994905,1.214472353458405,3686,0.0,0.0037981551817688,0.0442213781877373,0.054259359739555,0.0,0.0,0.0545306565382528,0.0268583830710797,0.0368963646228974,0.0,0.7509495387954422,0.005968529571351,0.0181768855127509,0.0005425935973955,0.0037981551817688,2015,0.0603818148374557,0.0210153235982368,3.86810464011843,1.09510099887848,0.307557782311408,0.282398164272308,1025647,
3,21,ORISSA,15,ANUGUL  *,62,CHHENDIPADA (SC),3,SAMBALPUR,2103,,2.12662297611,0.09045617513,1226750,3637,10810,4298,3641,9826,3390,0,1,386,167,0,0,154,247,138,10,3183,23,182,1,1,0.0161525324169619,0.0323092862963676,0.287378138132341,0.286263704299927,16857,0.5829032449427538,0.201103399181349,1.51933523473775,0.6052542924880979,4493,0.0,0.0002225684397952,0.0859114177609614,0.0371689294458045,0.0,0.0,0.0342755397284665,0.0549744046294235,0.0307144446917427,0.0022256843979523,0.7084353438682395,0.0051190741152904,0.0405074560427331,0.0002225684397952,0.0002225684397952,2015,-0.0096301920711994,-0.0389877554529281,0.307868329976431,0.248355150222778,0.352857502939304,0.343043580651283,2685246,
1,21,ORISSA,1,BARGARH  *,1,PADAMPUR,1,BARGARH,2101,,2.58174058039,0.1583645089,2156631,7188,14965,1699,10448,11689,1221,0,2,906,116,0,0,37,86,98,0,6556,13,38,0,0,0.0472622022896295,0.0706326439976692,0.279844010607053,0.274062633514404,23358,0.5004281188457916,0.0522733110711533,0.442262044745147,0.3659743517637255,7852,0.0,0.0002547121752419,0.1153846153846153,0.0147733061640346,0.0,0.0,0.0047121752419765,0.0109526235354049,0.0124808965868568,0.0,0.8349465104431992,0.0016556291390728,0.0048395313295975,0.0,0.0,2015,0.068064209073782,0.0377199809079846,1.95290440156909,0.746177196502686,0.245533639280099,0.241399809718132,1155342,
10,21,ORISSA,23,SONAPUR  *,64,BIRMAHARAJPUR (SC),10,BOLANGIR,2110,,1.86132471504,0.11216300562,1433336,26336,57355,27341,16738,66212,26861,0,0,212,361,0,1,51,352,210,5,4182,0,86,74,25,-0.0453080229962518,-0.0027141168247908,0.298185975383077,0.300219550728798,109811,0.6029632732604202,0.2446111955997122,0.508823226704466,0.4274510741233824,5559,0.0,0.0,0.038136355459615,0.064939737362835,0.0,0.0001798884691491,0.0091743119266055,0.0633207411404929,0.0377765785213167,0.0008994423457456,0.7522935779816514,0.0,0.0154704083468249,0.0133117467170354,0.0044972117287281,2015,0.0182601977139711,-0.0328723299164765,0.372004766954729,0.280627578496933,0.318694585621684,0.315581128001213,1544368,
9,21,ORISSA,15,ANUGUL  *,60,TALCHER,9,DHENKANAL,2109,,1.24943871083,0.03893406997,496825,6613,23630,9027,7334,17628,5765,0,0,16,2,0,0,28,27,148,3,1550,93,34,0,28,0.0251446903729826,0.0506404303014278,0.222498858397224,0.236906558275223,30727,0.5736973996810623,0.1876200084616135,4.1592941075733,2.038028001785275,1929,0.0,0.0,0.0082944530844997,0.0010368066355624,0.0,0.0,0.0145152928978745,0.0139968895800933,0.0767236910316226,0.0015552099533437,0.8035251425609123,0.0482115085536547,0.0176257128045619,0.0,0.0145152928978745,2015,-0.010670093819499,-0.0562848508836002,0.456441605710312,0.272431582212448,0.336226256468875,0.35312882065773,2071557,
10,21,ORISSA,23,SONAPUR  *,65,SONEPUR,10,BOLANGIR,2110,,2.39060772295,0.09324710828,1233717,17935,26975,5312,19305,24262,5506,0,0,129,0,0,0,1,9,35,0,4389,12,30,21,0,-0.0353811858297819,0.0224507320672274,0.279182016429625,0.277833610773087,49073,0.4944062926660281,0.1122001915513622,0.704016159515821,0.5271095931529995,4626,0.0,0.0,0.0278858625162127,0.0,0.0,0.0,0.0002161694768698,0.0019455252918287,0.0075659316904453,0.0,0.9487678339818416,0.0025940337224383,0.0064850843060959,0.0045395590142671,0.0,2015,0.0182601977139711,-0.0328723299164765,0.372004766954729,0.280627578496933,0.318694585621684,0.315581128001213,1544368,
8,21,ORISSA,13,JAJAPUR  *,53,KOREI,8,JAJPUR (SC),2108,,1.22641997313,0.03531378736,459329,13961,10250,2694,12229,11184,2431,0,0,0,0,0,0,0,0,2,0,1735,8,0,0,2,0.0490021418184097,0.0832083337008953,0.239832335040003,0.226301655173302,25844,0.432750348243306,0.0940643863179074,1.683065891342765,1.1795631349086748,1747,0.0,0.0,0.0,0.0,0.0,0.0,0.0,0.0,0.0011448196908986,0.0,0.993131081854608,0.0045792787635947,0.0,0.0,0.0011448196908986,2015,0.0603818148374557,0.0210153235982368,3.86810464011843,1.09510099887848,0.307557782311408,0.282398164272308,1025647,
7,21,ORISSA,9,BHADRAK  *,46,DHAMNAGAR (SC),7,BHADRAK (SC),2107,,1.26338372194,0.03126423328,313950,81802,34584,109,55756,58678,39,0,0,0,0,0,0,0,0,0,0,1550,0,0,0,0,-0.0210350774638069,0.0012018994893878,0.268532959091592,0.263107389211655,114473,0.5125924890585553,0.0003406916914905,0.674224526256189,0.6237687170505525,1550,0.0,0.0,0.0,0.0,0.0,0.0,0.0,0.0,0.0,0.0,1.0,0.0,0.0,0.0,0.0,2015,0.056480810046196,0.005100505024214,0.660038722209099,0.518786728382111,0.253604774166743,0.25891338288784,546360,
3,21,ORISSA,15,ANUGUL  *,63,ATHAMALLIK,3,SAMBALPUR,2103,,2.61138548172,0.22071648745,2967703,8472,45203,17702,5029,41323,16540,0,262,2742,1546,0,7,998,1315,174,1,3104,5,697,25,63,-0.0311404987909046,-0.0151838585734367,0.335033950013727,0.332899436354637,62892,0.6570470012084207,0.2629905234370031,0.4382418394422365,0.369824096560478,10939,0.0,0.0239510010055763,0.2506627662492001,0.1413291891397751,0.0,0.000639912240607,0.091233202303684,0.120212085199744,0.0159063899808026,9.141603437242891e-05,0.2837553706920194,0.0004570801718621,0.0637169759575829,0.0022854008593107,0.005759210165463,2015,-0.0096301920711994,-0.0389877554529281,0.307868329976431,0.248355150222778,0.352857502939304,0.343043580651283,2685246,
11,21,ORISSA,25,NUAPADA  *,71,NUAPADA,11,KALAHANDI,2111,,2.44654473281,0.17969002734,2405181,8807,46761,13406,21697,28949,6275,0,0,1667,0,0,0,17,970,495,4,5685,7,52,0,4,0.0933069590240142,0.111398197710514,0.25938324870837,0.258657544851303,56921,0.5085820698863337,0.1102405087753201,0.450790815545529,0.358539551496506,8901,0.0,0.0,0.1872823278283339,0.0,0.0,0.0,0.0019098977642961,0.1089765194921918,0.0556117290192113,0.0004493877092461,0.6386922817660937,0.0007864284911807,0.0058420402201999,0.0,0.0004493877092461,2015,0.0676195919513702,0.0419601826017906,0.293961178478648,0.199489966034889,0.319555475920437,0.314227521419525,2474155,
7,21,ORISSA,9,BHADRAK  *,47,CHANDABALI,7,BHADRAK (SC),2107,,1.32894827621,0.06058087723,469119,150932,180280,33837,152856,162353,37274,0,0,0,0,0,0,0,0,196,60,2632,0,0,19,102,0.004615491918105,0.0538125596940517,0.190527731371246,0.202545262873173,352483,0.4605980997665135,0.1057469438242411,0.648694622971789,0.429301276803017,3009,0.0,0.0,0.0,0.0,0.0,0.0,0.0,0.0,0.0651379195746095,0.0199401794616151,0.8747092057161848,0.0,0.0,0.0063143901628447,0.0338983050847457,2015,0.056480810046196,0.005100505024214,0.660038722209099,0.518786728382111,0.253604774166743,0.25891338288784,546360,
10,21,ORISSA,24,BALANGIR,66,LOISINGHA (SC),10,BOLANGIR,2110,,2.52113374726,0.08726381644,1174138,13934,13161,225,15781,10874,135,0,0,66,2,0,0,62,8,8,0,4166,0,10,0,0,0.0290929890023772,0.0423714369535446,0.275122508314436,0.27401502430439,26790,0.4058977230309817,0.0050391937290033,0.6764668248566286,0.544952094554901,4322,0.0,0.0,0.0152707080055529,0.0004627487274409,0.0,0.0,0.0143452105506709,0.0018509949097639,0.0018509949097639,0.0,0.963905599259602,0.0,0.0023137436372049,0.0,0.0,2015,0.0182601977139711,-0.0328723299164765,0.372004766954729,0.280627578496933,0.318694585621684,0.315581128001213,1544368,
9,21,ORISSA,14,DHENKANAL,57,KAMAKHYANAGAR,9,DHENKANAL,2109,,2.00668751863,0.06295351526,806454,17949,31908,10497,16918,37638,6127,0,11,45,59,0,0,31,19,105,0,2681,3,118,9,36,0.019288234818394,0.0443969592452049,0.281918915088416,0.283563762903214,60683,0.6202396058204109,0.1009673219847403,0.946760482865989,0.7414937168359754,3117,0.0,0.0035290343278793,0.0144369586140519,0.0189284568495348,0.0,0.0,0.0099454603785691,0.0060956047481552,0.0336862367661212,0.0,0.8601219120949631,0.0009624639076034,0.0378569136990696,0.0028873917228103,0.0115495668912415,2015,-0.010670093819499,-0.0562848508836002,0.456441605710312,0.272431582212448,0.336226256468875,0.35312882065773,2071557,
8,21,ORISSA,13,JAJAPUR  *,52,JAJPUR,8,JAJPUR (SC),2108,,1.17637097769,0.02487221812,302458,21486,15143,3398,22291,14283,2492,0,0,0,0,0,0,0,0,0,0,1220,15,0,0,3,-0.0152626936685157,0.0104700364172459,0.277664521469312,0.277975380420685,39066,0.3656120411611119,0.0637894844621921,1.239496083797085,1.0269607603549948,1238,0.0,0.0,0.0,0.0,0.0,0.0,0.0,0.0,0.0,0.0,0.9854604200323102,0.0121163166397415,0.0,0.0,0.0024232633279483,2015,0.0603818148374557,0.0210153235982368,3.86810464011843,1.09510099887848,0.307557782311408,0.282398164272308,1025647,
8,21,ORISSA,13,JAJAPUR  *,51,DHARMASALA,8,JAJPUR (SC),2108,,1.26786439889,0.03334181319,398313,17857,39334,3578,27469,31260,2597,0,0,0,0,0,0,0,0,36,0,1597,0,1,8,13,-0.0008844604754346,0.0260643465444446,0.263777983125851,0.256153523921967,61326,0.5097348596027786,0.0423474545869614,1.2768566981949,1.098652422428135,1655,0.0,0.0,0.0,0.0,0.0,0.0,0.0,0.0,0.0217522658610271,0.0,0.9649546827794562,0.0,0.0006042296072507,0.004833836858006,0.0078549848942598,2015,0.0603818148374557,0.0210153235982368,3.86810464011843,1.09510099887848,0.307557782311408,0.282398164272308,1025647,
10,21,ORISSA,24,BALANGIR,67,PATNAGARH,10,BOLANGIR,2110,,2.20172467739,0.16039031966,2189297,5804,12276,1091,7810,9852,878,0,1,800,115,0,0,105,208,32,0,6647,3,41,0,0,0.0459762682622689,0.0641076751053333,0.287221135675728,0.281605541706085,18540,0.5313915857605178,0.0473570658036677,0.5085146339288165,0.401172637939453,7952,0.0,0.0001257545271629,0.1006036217303823,0.0144617706237424,0.0,0.0,0.0132042253521126,0.0261569416498993,0.0040241448692152,0.0,0.8358903420523138,0.0003772635814889,0.005155935613682,0.0,0.0,2015,0.0182601977139711,-0.0328723299164765,0.372004766954729,0.280627578496933,0.318694585621684,0.315581128001213,1544368,
9,21,ORISSA,15,ANUGUL  *,61,ANGUL,9,DHENKANAL,2109,,1.57250154006,0.05306000665,724897,1976,3355,327,1982,3129,171,0,69,312,134,0,0,193,35,8,0,1780,17,79,0,0,-0.032159961494552,-0.0165477674454451,0.318041836620655,0.311963587999344,5282,0.5923892464975388,0.0323741007194244,1.838124983329845,0.90378338098526,2627,0.0,0.0262657023220403,0.1187666539779215,0.0510087552341073,0.0,0.0,0.0734678340312143,0.0133231823372668,0.0030452988199467,0.0,0.6775789874381424,0.0064712599923867,0.0300723258469737,0.0,0.0,2015,-0.010670093819499,-0.0562848508836002,0.456441605710312,0.272431582212448,0.336226256468875,0.35312882065773,2071557,
8,21,ORISSA,13,JAJAPUR  *,48,BINJHARPUR (SC),8,JAJPUR (SC),2108,,1.17271463284,0.0270387439,253813,40847,75793,1831,51769,64911,1435,0,0,0,0,0,0,0,0,1,0,1331,0,0,0,1,-0.036040851689391,-0.0083238356746733,0.299410743471838,0.295837819576263,118115,0.5495576345087415,0.0121491766498751,0.787473190309746,0.709128484129906,1333,0.0,0.0,0.0,0.0,0.0,0.0,0.0,0.0,0.0007501875468867,0.0,0.9984996249062266,0.0,0.0,0.0,0.0007501875468867,2015,0.0603818148374557,0.0210153235982368,3.86810464011843,1.09510099887848,0.307557782311408,0.282398164272308,1025647,
9,21,ORISSA,14,DHENKANAL,56,HINDOL (SC),9,DHENKANAL,2109,,1.90606416296,0.0986271906,1328472,3647,18740,7111,4507,19667,3492,0,8,585,182,0,0,380,47,24,1,3215,27,396,0,26,0.0065778551428806,0.023464297875762,0.293630372461629,0.291419506072998,27666,0.7108725511458107,0.1262199089134678,1.38122231736291,0.5836388468742371,4891,0.0,0.0016356573297894,0.1196074422408505,0.037211204252709,0.0,0.0,0.0776937231649969,0.0096094868125127,0.0049069719893682,0.0002044571662236,0.6573297894091188,0.0055203434880392,0.0809650378245757,0.0,0.0053158863218155,2015,-0.010670093819499,-0.0562848508836002,0.456441605710312,0.272431582212448,0.336226256468875,0.35312882065773,2071557,
9,21,ORISSA,14,DHENKANAL,55,DHENKANAL,9,DHENKANAL,2109,,2.10997449163,0.08932577061,1195371,12156,15117,7263,10903,20250,3628,0,81,610,84,0,0,129,14,72,0,3208,19,186,9,22,-0.0036206501844583,0.0221270080655813,0.309061030210117,0.295995056629181,34781,0.582214427417268,0.1043098243293752,0.802023026881004,0.5759087204933164,4434,0.0,0.0182679296346414,0.137573297248534,0.0189445196211096,0.0,0.0,0.0290933694181326,0.0031574199368516,0.0162381596752368,0.0,0.7235002255299955,0.0042850699142986,0.0419485791610284,0.0020297699594046,0.0049616599007668,2015,-0.010670093819499,-0.0562848508836002,0.456441605710312,0.272431582212448,0.336226256468875,0.35312882065773,2071557,
13,21,ORISSA,22,BAUDH  *,86,BOUDH,13,KANDHAMAL,2113,,2.56482326002,0.14424276809,1901827,13423,50347,20467,12127,50111,21243,0,65,1602,1106,0,0,681,615,145,0,2536,5,281,60,60,-0.0433806271071261,-0.0269163949415088,0.339207582469536,0.341592729091644,83481,0.6002683245289347,0.2544650878643044,0.4009180847675235,0.327971495687962,7156,0.0,0.0090832867523756,0.2238680827277809,0.1545556176634991,0.0,0.0,0.0951648965902739,0.0859418669647848,0.0202627166014533,0.0,0.354387926215763,0.0006987143655673,0.0392677473448854,0.0083845723868082,0.0083845723868082,2015,-0.0658960156142712,-0.0732498593202054,0.224692763497571,0.157184287905693,0.401261022252933,0.406078785657883,1986064,
13,21,ORISSA,22,BAUDH  *,85,KANTAMAL,13,KANDHAMAL,2113,,2.27869905262,0.12492885817,1658730,12245,34565,14556,10732,35092,14841,0,0,1454,102,0,0,295,243,87,0,3823,0,115,45,23,-0.0004637891464978,0.0256506130099297,0.301404190734349,0.296913683414459,60665,0.5784554520728592,0.2446385889722245,0.418782418842717,0.3711302056908605,6187,0.0,0.0,0.2350088896072409,0.0164861807014708,0.0,0.0,0.0476806206562146,0.0392759010829157,0.0140617423630192,0.0,0.6179085178600291,0.0,0.0185873605947955,0.0072733150153547,0.0037174721189591,2015,-0.0658960156142712,-0.0732498593202054,0.224692763497571,0.157184287905693,0.401261022252933,0.406078785657883,1986064,
8,21,ORISSA,13,JAJAPUR  *,49,BARI,8,JAJPUR (SC),2108,,1.19280212619,0.02385569435,261073,21578,42821,2979,27975,36753,2011,0,0,0,0,0,0,0,0,0,0,1179,0,0,0,7,-0.0389143607664369,-0.0238036625087261,0.306443623310731,0.307080656290054,66739,0.5506974932198565,0.0301323064475044,0.794009452606922,0.737157419323921,1186,0.0,0.0,0.0,0.0,0.0,0.0,0.0,0.0,0.0,0.0,0.9940978077571668,0.0,0.0,0.0,0.005902192242833,2015,0.0603818148374557,0.0210153235982368,3.86810464011843,1.09510099887848,0.307557782311408,0.282398164272308,1025647,
15,21,ORISSA,10,KENDRAPARA *,98,AUL,15,KENDRAPARA,2115,,1.39109801783,0.04183570497,322892,156290,71098,25748,127288,93993,30556,0,0,0,0,0,0,0,0,83,11,1937,2,0,0,44,-0.0364040163188476,0.0061413741204887,0.26588183480954,0.27369199693203,251837,0.3732295095637257,0.1213324491635462,0.51958830495479,0.457911975681782,2077,0.0,0.0,0.0,0.0,0.0,0.0,0.0,0.0,0.0399614829080404,0.005296100144439,0.9325950890707752,0.0009629272989889,0.0,0.0,0.0211844005777563,2015,0.0066275091376155,-0.0448942344479473,0.373422216893449,0.311732023954391,0.276508152802747,0.284404024481773,576028,
10,21,ORISSA,24,BALANGIR,68,BOLANGIR,10,BOLANGIR,2110,,2.16721049648,0.08504471757,1157161,5320,7954,595,6760,6218,562,0,0,304,1,0,0,43,38,8,0,3770,10,42,0,0,0.0236450242963725,0.0397427305579185,0.292096495740371,0.288072198629379,13540,0.459231905465288,0.041506646971935,0.8866255497595315,0.48356693983078,4216,0.0,0.0,0.0721062618595825,0.0002371916508538,0.0,0.0,0.0101992409867172,0.0090132827324478,0.0018975332068311,0.0,0.894212523719165,0.0023719165085388,0.0099620493358633,0.0,0.0,2015,0.0182601977139711,-0.0328723299164765,0.372004766954729,0.280627578496933,0.318694585621684,0.315581128001213,1544368,
15,21,ORISSA,10,KENDRAPARA *,99,RAJANAGAR,15,KENDRAPARA,2115,,1.73980464103,0.06403348478,648648,64197,87682,81156,115150,25494,84670,0,58,0,1,0,0,0,0,478,350,2032,1,0,16,239,-0.100483667190377,-0.0229115597903728,0.231842554091379,0.250313073396683,225314,0.1131487612842522,0.3757866799222418,0.4637459676446135,0.376400403678417,3175,0.0,0.018267716535433,0.0,0.0003149606299212,0.0,0.0,0.0,0.0,0.1505511811023622,0.1102362204724409,0.64,0.0003149606299212,0.0,0.0050393700787401,0.0752755905511811,2015,0.0066275091376155,-0.0448942344479473,0.373422216893449,0.311732023954391,0.276508152802747,0.284404024481773,576028,
8,21,ORISSA,13,JAJAPUR  *,50,BARACHANA,8,JAJPUR (SC),2108,,1.33507429454,0.03268487535,407348,12349,29094,1251,29777,10286,1169,0,2,6,0,0,0,6,0,1,0,1580,0,23,0,8,0.0098698909675806,0.0375684332102537,0.261391890744679,0.246091105043888,41232,0.2494664338377958,0.0283517656189367,1.031522190060665,0.840914472937584,1626,0.0,0.001230012300123,0.003690036900369,0.0,0.0,0.0,0.003690036900369,0.0,0.0006150061500615,0.0,0.971709717097171,0.0,0.0141451414514145,0.0,0.004920049200492,2015,0.0603818148374557,0.0210153235982368,3.86810464011843,1.09510099887848,0.307557782311408,0.282398164272308,1025647,
15,21,ORISSA,12,CUTTACK,94,SALIPUR,15,KENDRAPARA,2115,,1.38006814098,0.03647380408,453178,14358,27634,7038,8977,31082,8196,0,2,2,3,0,0,1,0,13,0,1697,7,12,8,61,-0.003441759305114,0.0170470019802451,0.270351935555841,0.269446775317192,48255,0.6441197803336441,0.1698476841778054,1.36463051246898,1.1071638464927651,1806,0.0,0.0011074197120708,0.0011074197120708,0.0016611295681063,0.0,0.0,0.0005537098560354,0.0,0.0071982281284606,0.0,0.9396456256921372,0.003875968992248,0.0066445182724252,0.0044296788482834,0.0337763012181616,2015,0.0066275091376155,-0.0448942344479473,0.373422216893449,0.311732023954391,0.276508152802747,0.284404024481773,576028,
14,21,ORISSA,12,CUTTACK,89,ATHAGARH,14,CUTTACK,2114,,1.82452453779,0.05468252955,712037,26419,9078,5366,27008,9666,5259,0,3,168,65,0,2,96,4,78,0,2136,10,121,4,29,-0.0084718609613756,0.0161153431981802,0.304744330026145,0.290942654013634,41933,0.2305105763956788,0.1254143514654329,1.213906989950885,0.8946039974689486,2716,0.0,0.0011045655375552,0.0618556701030927,0.0239322533136966,0.0,0.0007363770250368,0.0353460972017673,0.0014727540500736,0.0287187039764359,0.0,0.7864506627393225,0.003681885125184,0.0445508100147275,0.0014727540500736,0.0106774668630338,2015,-0.0078865895047783,-0.0295064309045541,1.04651087371511,0.763571172952652,0.354838609633782,0.342348515987396,752900,
15,21,ORISSA,10,KENDRAPARA *,97,KENDRAPARA (SC),15,KENDRAPARA,2115,,1.2058731288,0.02964847142,329725,33890,42893,1732,38023,37244,1729,0,0,0,0,0,0,0,0,0,0,1441,17,0,0,9,-0.0178333998228261,0.004564260598272,0.273841634935746,0.268669202923775,76996,0.483713439659203,0.0224557119850381,0.921682187892502,0.6882713437080386,1467,0.0,0.0,0.0,0.0,0.0,0.0,0.0,0.0,0.0,0.0,0.9822767552828904,0.0115882753919563,0.0,0.0,0.0061349693251533,2015,0.0066275091376155,-0.0448942344479473,0.373422216893449,0.311732023954391,0.276508152802747,0.284404024481773,576028,
15,21,ORISSA,12,CUTTACK,95,MAHANGA,15,KENDRAPARA,2115,,1.2147703079,0.02894665636,370668,7364,18009,2517,14754,9909,3068,0,0,0,0,0,0,0,0,1,0,1410,0,0,1,17,-0.0441512017552649,-0.0311298836022615,0.293786279058919,0.297595888376236,27731,0.3573257365403339,0.1106343081749666,0.994091460803241,0.920078665018082,1429,0.0,0.0,0.0,0.0,0.0,0.0,0.0,0.0,0.0006997900629811,0.0,0.986703988803359,0.0,0.0,0.0006997900629811,0.0118964310706787,2015,0.0066275091376155,-0.0448942344479473,0.373422216893449,0.311732023954391,0.276508152802747,0.284404024481773,576028,
13,21,ORISSA,21,KANDHAMAL,84,PHULBANI (ST),13,KANDHAMAL,2113,,3.31115440364,0.22137554754,3040143,883,4875,2230,2474,3058,2054,0,39,1549,3255,0,0,3227,2094,92,0,516,13,176,4,0,-0.0640126817198682,-0.0607277341187,0.371003423293879,0.373722672462463,7586,0.4031109939361982,0.2707619298708146,0.3597827132731175,0.317799761891365,10965,0.0,0.0035567715458276,0.1412676698586411,0.2968536251709986,0.0,0.0,0.2943000455996352,0.1909712722298221,0.0083903328773369,0.0,0.0470588235294117,0.0011855905152758,0.0160510715914272,0.0003647970816233,0.0,2015,-0.0658960156142712,-0.0732498593202054,0.224692763497571,0.157184287905693,0.401261022252933,0.406078785657883,1986064,
15,21,ORISSA,10,KENDRAPARA *,96,PATKURA,15,KENDRAPARA,2115,,1.48959021049,0.03091998105,379667,15355,27868,2844,27327,14672,3292,0,0,0,0,0,0,0,0,0,0,1527,0,0,0,5,-0.046211900658948,-0.0329999662935734,0.301965267828057,0.303449079394341,45291,0.3239495705548563,0.0726855225099909,0.7705536663823485,0.7222769558429716,1532,0.0,0.0,0.0,0.0,0.0,0.0,0.0,0.0,0.0,0.0,0.9967362924281984,0.0,0.0,0.0,0.0032637075718015,2015,0.0066275091376155,-0.0448942344479473,0.373422216893449,0.311732023954391,0.276508152802747,0.284404024481773,576028,
14,21,ORISSA,12,CUTTACK,87,BARAMBA,14,CUTTACK,2114,,1.59136064912,0.08756866476,1122571,30769,39488,12895,19655,51351,12236,0,0,745,323,0,11,563,133,275,0,2110,0,59,41,74,-0.0232196958749217,-0.012071824632585,0.316770162255559,0.327391028404236,83242,0.6168881093678672,0.1469931044424689,0.4845160413554875,0.363798946142197,4334,0.0,0.0,0.1718966312874942,0.0745269958467928,0.0,0.0025380710659898,0.1299030918320258,0.0306875865251499,0.0634517766497461,0.0,0.4868481772035071,0.0,0.0136132902630364,0.0094600830641439,0.0170742962621135,2015,-0.0078865895047783,-0.0295064309045541,1.04651087371511,0.763571172952652,0.354838609633782,0.342348515987396,752900,
14,21,ORISSA,12,CUTTACK,91,CHOUDWAR-CUTTACK,14,CUTTACK,2114,,0.4674931875,0.00757366091,90261,5966,5901,2173,6148,6111,1571,0,0,0,0,0,0,0,0,15,0,314,36,0,0,11,-0.0035568459639863,0.0369604378938675,0.253975832073352,0.240369021892548,13830,0.4418655097613883,0.1135936370209689,3.716130763058875,2.49219834804535,376,0.0,0.0,0.0,0.0,0.0,0.0,0.0,0.0,0.0398936170212766,0.0,0.8351063829787234,0.0957446808510638,0.0,0.0,0.0292553191489361,2015,-0.0078865895047783,-0.0295064309045541,1.04651087371511,0.763571172952652,0.354838609633782,0.342348515987396,752900,
10,21,ORISSA,24,BALANGIR,70,KANTABANJI,10,BOLANGIR,2110,,2.52850057811,0.11865324682,1612539,6737,12021,2429,7963,10764,1124,0,0,362,2,0,0,23,189,9,1,5163,17,105,1,0,0.05790827584254,0.0719856098294258,0.270011886422805,0.266929894685745,19851,0.5422396856581533,0.0566218326532668,0.56673571116516,0.4493293389678,5872,0.0,0.0,0.0616485013623978,0.0003405994550408,0.0,0.0,0.00391689373297,0.0321866485013624,0.0015326975476839,0.0001702997275204,0.8792574931880109,0.0028950953678474,0.0178814713896457,0.0001702997275204,0.0,2015,0.0182601977139711,-0.0328723299164765,0.372004766954729,0.280627578496933,0.318694585621684,0.315581128001213,1544368,
10,21,ORISSA,24,BALANGIR,69,TITLAGARH,10,BOLANGIR,2110,,2.98976617438,0.11618208367,1550730,14795,26869,7299,20151,20768,7788,0,0,939,11,0,0,145,136,71,5,4438,5,18,0,0,0.0171172003394882,0.0377912670373917,0.284292275024143,0.279929131269455,48707,0.4263863510378385,0.1598948816391894,0.6788708966664074,0.4893530607223509,5768,0.0,0.0,0.1627947295423023,0.0019070735090152,0.0,0.0,0.0251386962552011,0.0235783633841886,0.0123092926490984,0.0008668515950069,0.7694174757281553,0.0008668515950069,0.0031206657420249,0.0,0.0,2015,0.0182601977139711,-0.0328723299164765,0.372004766954729,0.280627578496933,0.318694585621684,0.315581128001213,1544368,
13,21,ORISSA,16,NAYAGARH  *,121,DASPALLA (SC),13,KANDHAMAL,2113,,2.69841974745,0.16488828904,2227547,12149,24051,6582,5971,29452,7012,0,110,836,1550,0,1,2669,402,210,8,2101,0,245,14,28,-0.0367661721007784,-0.0275846794247627,0.350528439471723,0.35281029343605,42435,0.6940497231059267,0.1652409567573936,0.3357642397171509,0.299557492136955,8174,0.0,0.0134573036457058,0.1022755077073648,0.1896256422804012,0.0,0.0001223391240518,0.3265231220944458,0.0491803278688524,0.025691216050893,0.0009787129924149,0.2570344996329826,0.0,0.0299730853927085,0.0017127477367262,0.0034254954734524,2015,-0.0658960156142712,-0.0732498593202054,0.224692763497571,0.157184287905693,0.401261022252933,0.406078785657883,1986064,
15,21,ORISSA,10,KENDRAPARA *,100,MAHAKALAPADA,15,KENDRAPARA,2115,,1.93294837212,0.05310974341,506974,125845,57674,40752,132367,38507,45630,0,1,0,0,0,0,0,0,154,276,2085,0,0,19,99,-0.064277318944546,-0.0078241322189569,0.243318850440464,0.249094665050507,216504,0.1778581458079296,0.2107582307948121,0.6638574926866005,0.572615832090378,2634,0.0,0.0003796507213363,0.0,0.0,0.0,0.0,0.0,0.0,0.058466211085801,0.1047835990888382,0.7915717539863326,0.0,0.0,0.007213363705391,0.0375854214123006,2015,0.0066275091376155,-0.0448942344479473,0.373422216893449,0.311732023954391,0.276508152802747,0.284404024481773,576028,
14,21,ORISSA,12,CUTTACK,90,BARABATI-CUTTACK,14,CUTTACK,2114,,0.57123102514,0.00873510788,72463,10718,19377,17709,8803,24331,13751,0,0,0,0,0,10,0,0,71,0,83,200,0,12,57,-0.0179379255175602,0.0090868342667818,0.183874508124495,0.177444621920586,46885,0.5189506238669084,0.293292097685827,9.093038625911223,5.63022291660309,433,0.0,0.0,0.0,0.0,0.0,0.023094688221709,0.0,0.0,0.1639722863741339,0.0,0.1916859122401847,0.4618937644341801,0.0,0.0277136258660508,0.1316397228637413,2015,-0.0078865895047783,-0.0295064309045541,1.04651087371511,0.763571172952652,0.354838609633782,0.342348515987396,752900,
14,21,ORISSA,12,CUTTACK,88,BANKI,14,CUTTACK,2114,,1.80691206691,0.05083859956,531031,98302,48283,22377,89461,65773,21968,0,0,246,8,0,11,74,18,266,0,1726,2,5,43,114,0.0073792482219943,0.0513999089598656,0.256171168740452,0.259836584329605,177202,0.3711752689021568,0.1239715127368765,0.8501932512699939,0.564991906285286,2513,0.0,0.0,0.0978909669717469,0.003183446080382,0.0,0.0043772383605252,0.0294468762435336,0.0071627536808595,0.1058495821727019,0.0,0.6868284918424195,0.0007958615200955,0.0019896538002387,0.0171110226820533,0.0453641066454436,2015,-0.0078865895047783,-0.0295064309045541,1.04651087371511,0.763571172952652,0.354838609633782,0.342348515987396,752900,
18,21,ORISSA,17,KHORDHA  *,115,JATANI,18,BHUBANESWAR,2118,,1.71831025515,0.05018781134,660907,25121,4971,19,22284,8812,5,0,0,253,6,0,0,81,12,11,0,2057,28,37,0,2,0.04110958419811,0.0685537829995155,0.262341738867312,0.246591284871101,31101,0.2833349409986817,0.0001607665348381,2.16174054807621,1.3162399828434,2487,0.0,0.0,0.1017289907519099,0.0024125452352231,0.0,0.0,0.0325693606755126,0.0048250904704463,0.0044229995979091,0.0,0.8271009248090069,0.0112585444310414,0.0148773622838761,0.0,0.0008041817450743,2015,0.0520041808485985,0.0180763458655542,1.89200857653016,1.10428583621979,0.327501960510863,0.303043931722641,691018,
18,21,ORISSA,17,KHORDHA  *,113,BHUBANESWAR(UTTAR),18,BHUBANESWAR,2118,,0.35466219657,0.00412187247,51949,2236,2480,109,3292,1471,17,0,0,0,0,0,0,0,0,7,0,190,7,0,0,0,0.0035443445155746,0.0306286839768291,0.287948803435968,0.2878248244524,4780,0.3077405857740585,0.0035564853556485,4.492728597041475,3.2699190974235552,204,0.0,0.0,0.0,0.0,0.0,0.0,0.0,0.0,0.034313725490196,0.0,0.931372549019608,0.034313725490196,0.0,0.0,0.0,2015,0.0520041808485985,0.0180763458655542,1.89200857653016,1.10428583621979,0.327501960510863,0.303043931722641,691018,
11,21,ORISSA,26,KALAHANDI,81,NARLA,11,KALAHANDI,2111,,2.48102544762,0.15446600019,2093031,12170,17919,3700,13640,15300,3389,0,3,1554,692,0,0,615,292,118,0,4250,0,135,0,0,-0.0524122304418577,-0.0210640616714954,0.331856814849145,0.309571921825409,32329,0.4732593027931578,0.1048284821677132,0.436818583426805,0.385213866829872,7659,0.0,0.0003916960438699,0.2028985507246377,0.0903512207860034,0.0,0.0,0.0802976889933411,0.0381250816033424,0.0154067110588849,0.0,0.5549027288157723,0.0,0.017626321974148,0.0,0.0,2015,0.0676195919513702,0.0419601826017906,0.293961178478648,0.199489966034889,0.319555475920437,0.314227521419525,2474155,
16,21,ORISSA,11,JAGATSINGHAPUR  *,102,TIRTOL (SC),16,JAGATSINGHPUR (SC),2116,,1.49395300806,0.03412847183,446946,5726,16461,768,8188,13019,731,0,0,0,0,0,0,0,0,2,0,1694,0,0,0,2,-0.0290687360109001,-0.011220421642065,0.285395806099855,0.280378699302673,21938,0.5934451636429939,0.0333211778648919,0.7686302653265055,0.7014221847057345,1698,0.0,0.0,0.0,0.0,0.0,0.0,0.0,0.0,0.0011778563015312,0.0,0.9976442873969376,0.0,0.0,0.0,0.0011778563015312,2015,0.0145706161856651,-0.0180789549031512,0.633431238186134,0.557571470737457,0.30876309454707,0.300198078155518,469901,
11,21,ORISSA,25,NUAPADA  *,72,KHARIAR,11,KALAHANDI,2111,,2.19227697256,0.15321446996,2085500,7552,14160,2386,9141,11645,1398,0,0,1227,14,0,0,7,739,559,1,4988,4,58,0,0,0.0727583734381606,0.0837607719004154,0.265595529388518,0.263680204749107,22184,0.5249278759466282,0.0630183916336098,0.4544107626549379,0.3504362404346465,7597,0.0,0.0,0.1615111228116361,0.0018428326971172,0.0,0.0,0.0009214163485586,0.0972752402264051,0.0735816769777543,0.0001316309069369,0.6565749638015006,0.0005265236277477,0.007634592602343,0.0,0.0,2015,0.0676195919513702,0.0419601826017906,0.293961178478648,0.199489966034889,0.319555475920437,0.314227521419525,2474155,
13,21,ORISSA,21,KANDHAMAL,82,BALIGUDA (ST),13,KANDHAMAL,2113,,4.17039314166,0.26279758616,3613283,792,4060,281,2775,1967,164,0,25,2645,3356,0,0,4244,2569,48,0,109,0,1,0,0,-0.0787208824112745,-0.077267587184906,0.379930355098867,0.381442576646805,4906,0.4009376273950265,0.0334284549531186,0.289364340824686,0.2771762385964395,12997,0.0,0.0019235208124951,0.2035085019619912,0.2582134338693544,0.0,0.0,0.3265368931291836,0.1976609986920058,0.0036931599599907,0.0,0.008386550742479,0.0,7.694083249980765e-05,0.0,0.0,2015,-0.0658960156142712,-0.0732498593202054,0.224692763497571,0.157184287905693,0.401261022252933,0.406078785657883,1986064,
14,21,ORISSA,16,NAYAGARH  *,120,KHANDAPADA,14,CUTTACK,2114,,1.12560503951,0.05107225513,642363,29120,21811,9926,20204,30291,10964,0,20,249,81,0,9,182,20,117,0,1677,0,113,31,41,-0.0031048235705738,0.0212484048679471,0.289556012568943,0.29435259103775,61459,0.492865162140614,0.1783953529995607,0.4717528106944605,0.409944474697113,2540,0.0,0.0078740157480314,0.0980314960629921,0.0318897637795275,0.0,0.0035433070866141,0.0716535433070866,0.0078740157480314,0.0460629921259842,0.0,0.6602362204724409,0.0,0.0444881889763779,0.0122047244094488,0.0161417322834645,2015,-0.0078865895047783,-0.0295064309045541,1.04651087371511,0.763571172952652,0.354838609633782,0.342348515987396,752900,
16,21,ORISSA,11,JAGATSINGHAPUR  *,101,PARADEEP,16,JAGATSINGHPUR (SC),2116,,1.3634882192,0.02977401306,313754,32051,39344,24795,45571,21606,23809,2,0,0,0,0,0,0,1,131,42,1181,60,0,10,56,-0.0622770991554115,-0.0221599610522389,0.249307712580316,0.265854835510254,90986,0.2374651045215747,0.26167762073286,5.30131017485655,1.14083695411682,1483,0.0013486176668914,0.0,0.0,0.0,0.0,0.0,0.0,0.0006743088334457,0.088334457181389,0.0283209710047201,0.7963587322993931,0.040458530006743,0.0,0.0067430883344571,0.0377612946729602,2015,0.0145706161856651,-0.0180789549031512,0.633431238186134,0.557571470737457,0.30876309454707,0.300198078155518,469901,
16,21,ORISSA,12,CUTTACK,92,NIALI (SC),16,JAGATSINGHPUR (SC),2116,,1.26159605644,0.03366270768,419518,18909,23329,1769,27659,12186,3320,0,0,0,0,0,0,0,0,7,0,1630,0,0,0,28,-0.0276191739175362,-0.0088285179808735,0.309410623743031,0.307140648365021,43165,0.2823120583806324,0.0769141665701378,1.094999852717745,0.9962065815925604,1665,0.0,0.0,0.0,0.0,0.0,0.0,0.0,0.0,0.0042042042042042,0.0,0.978978978978979,0.0,0.0,0.0,0.0168168168168168,2015,0.0145706161856651,-0.0180789549031512,0.633431238186134,0.557571470737457,0.30876309454707,0.300198078155518,469901,
14,21,ORISSA,12,CUTTACK,93,CUTTACK SADAR (SC),14,CUTTACK,2114,,1.58994656005,0.02610065992,304740,15531,35808,3285,14196,36590,2659,0,0,0,0,0,1,0,0,27,0,1228,18,0,3,19,-0.0062644242311806,0.0123821455053985,0.273942791323823,0.275432169437408,53445,0.684629057910001,0.0497520815791935,1.80083629423306,1.17258584499359,1296,0.0,0.0,0.0,0.0,0.0,0.0007716049382716,0.0,0.0,0.0208333333333333,0.0,0.9475308641975309,0.0138888888888888,0.0,0.0023148148148148,0.0146604938271604,2015,-0.0078865895047783,-0.0295064309045541,1.04651087371511,0.763571172952652,0.354838609633782,0.342348515987396,752900,
17,21,ORISSA,17,KHORDHA  *,111,JAYADEV (SC),17,PURI,2117,,1.01987565305,0.02396796158,316035,7915,5827,216,9666,3821,28,0,0,0,0,0,0,0,0,0,0,1180,4,0,0,0,-0.0374214559585531,-0.0170110687613487,0.307427772245321,0.305123746395111,13515,0.2827229004809471,0.0020717721050684,1.54461062268207,1.264072000980375,1184,0.0,0.0,0.0,0.0,0.0,0.0,0.0,0.0,0.0,0.0,0.9966216216216216,0.0033783783783783,0.0,0.0,0.0,2015,-0.0054864669218659,-0.030210360685066,1.39099590623488,1.1223703622818,0.332825815243734,0.327321857213974,329993,
18,21,ORISSA,17,KHORDHA  *,112,BHUBANESWAR(MADHYA),18,BHUBANESWAR,2118,,0.45304806683,0.00769393554,105667,73,201,14,71,176,18,0,0,4,0,0,0,4,1,0,0,157,213,2,0,0,-0.0332172826852412,-0.0307614058256149,0.263145227287903,0.252727270126343,265,0.6641509433962264,0.0679245283018867,15.9079217473874,15.90638184547425,381,0.0,0.0,0.0104986876640419,0.0,0.0,0.0,0.0104986876640419,0.0026246719160104,0.0,0.0,0.4120734908136483,0.5590551181102362,0.0052493438320209,0.0,0.0,2015,0.0520041808485985,0.0180763458655542,1.89200857653016,1.10428583621979,0.327501960510863,0.303043931722641,691018,
16,21,ORISSA,11,JAGATSINGHAPUR  *,104,JAGATSINGHPUR,16,JAGATSINGHPUR (SC),2116,,1.18569517717,0.02646846216,337563,10649,12051,4153,16535,4464,5179,0,0,0,0,0,1,0,0,2,0,1287,0,0,0,24,-0.050429826969087,-0.0292636211961508,0.317857309400721,0.320212423801422,26178,0.1705248682099472,0.1978378791351516,0.8228638880352941,0.699463576078415,1314,0.0,0.0,0.0,0.0,0.0,0.0007610350076103,0.0,0.0,0.0015220700152207,0.0,0.9794520547945206,0.0,0.0,0.0,0.0182648401826484,2015,0.0145706161856651,-0.0180789549031512,0.633431238186134,0.557571470737457,0.30876309454707,0.300198078155518,469901,
18,21,ORISSA,17,KHORDHA  *,114,EKAMRA-BHUBANESHWAR,18,BHUBANESWAR,2118,,0.71880626364,0.0068434226,85209,4720,4053,229,6303,2640,32,0,0,0,0,0,0,0,1,0,0,237,94,0,0,2,-0.0070447322977014,0.0086535485461354,0.255760320916483,0.250089138746262,8975,0.294150417827298,0.0035654596100278,10.09586779954525,7.16694641113281,334,0.0,0.0,0.0,0.0,0.0,0.0,0.0,0.0029940119760479,0.0,0.0,0.7095808383233533,0.281437125748503,0.0,0.0,0.0059880239520958,2015,0.0520041808485985,0.0180763458655542,1.89200857653016,1.10428583621979,0.327501960510863,0.303043931722641,691018,
13,21,ORISSA,21,KANDHAMAL,83,G. UDAYAGIRI (ST),13,KANDHAMAL,2113,,4.2591972205,0.20887461708,2873287,574,1501,588,528,1631,380,0,103,847,2547,0,0,4094,2160,26,0,433,0,147,0,0,-0.0424370353256781,-0.0373861733824015,0.374514698043941,0.376866772770882,2539,0.6423788893265066,0.1496652225285545,0.306828959621273,0.280782662332058,10357,0.0,0.0099449647581345,0.0817804383508738,0.2459206333880467,0.0,0.0,0.3952882108718741,0.2085546007531138,0.0025103794535097,0.0,0.0418074732065269,0.0,0.0141932992179202,0.0,0.0,2015,-0.0658960156142712,-0.0732498593202054,0.224692763497571,0.157184287905693,0.401261022252933,0.406078785657883,1986064,
16,21,ORISSA,11,JAGATSINGHAPUR  *,103,BALIKUDA-ERASAMA,16,JAGATSINGHPUR (SC),2116,,1.48061407488,0.05949743138,550251,75735,152116,41122,148741,66293,45546,1,0,0,0,0,0,0,0,299,136,2335,25,0,18,120,-0.0370123788990851,0.0032019093632698,0.260636291559018,0.269520998001099,260580,0.2544055568347532,0.1747870135850794,1.917279759312075,0.4937441051006315,2934,0.0003408316291751,0.0,0.0,0.0,0.0,0.0,0.0,0.0,0.101908657123381,0.0463531015678254,0.7958418541240627,0.0085207907293796,0.0,0.0061349693251533,0.0408997955010225,2015,0.0145706161856651,-0.0180789549031512,0.633431238186134,0.557571470737457,0.30876309454707,0.300198078155518,469901,
18,21,ORISSA,17,KHORDHA  *,116,BEGUNIA,18,BHUBANESWAR,2118,,1.65987536763,0.0494301598,665073,13734,1764,15,12474,4910,46,0,0,12,4,0,0,21,1,1,0,2329,5,74,0,0,0.0469887616136221,0.0709713995456696,0.232580102204823,0.221733793616295,17430,0.2816982214572576,0.0026391279403327,0.674854298159999,0.5814550518989565,2447,0.0,0.0,0.004903964037597,0.001634654679199,0.0,0.0,0.0085819370657948,0.0004086636697997,0.0004086636697997,0.0,0.951777686963629,0.0020433183489987,0.0302411115651818,0.0,0.0,2015,0.0520041808485985,0.0180763458655542,1.89200857653016,1.10428583621979,0.327501960510863,0.303043931722641,691018,
13,21,ORISSA,19,GANJAM,123,BHANJANAGAR,13,KANDHAMAL,2113,,2.26518643441,0.13413639947,1828560,3930,6758,7677,3320,10353,4245,0,136,227,1436,0,0,1648,272,78,1,2429,3,404,0,19,-0.0631913906669657,-0.0561265274882317,0.394684476887262,0.399550914764404,17918,0.5777988614800759,0.2369126018528853,0.381679968135758,0.3123076260089875,6653,0.0,0.0204419059071095,0.0341199458890726,0.2158424770780099,0.0,0.0,0.2477078009920336,0.0408838118142191,0.011724034270254,0.0001503081316699,0.3650984518262438,0.0004509243950097,0.060724485194649,0.0,0.0028558545017285,2015,-0.0658960156142712,-0.0732498593202054,0.224692763497571,0.157184287905693,0.401261022252933,0.406078785657883,1986064,
17,21,ORISSA,16,NAYAGARH  *,122,NAYAGARH,17,PURI,2117,,1.82288391687,0.05082182023,693072,1272,3844,1581,1218,3617,1604,0,2,364,106,0,0,310,36,20,4,1554,6,117,0,0,-0.0332162954759247,-0.0193095039576292,0.322628265677951,0.316812247037888,6439,0.5617331883832893,0.2491070041931977,0.6307688970052265,0.443588137626648,2519,0.0,0.000793965859468,0.1445017864231838,0.0420801905518062,0.0,0.0,0.1230647082175466,0.0142913854704247,0.0079396585946804,0.001587931718936,0.6169114728066694,0.0023818975784041,0.0464470027788805,0.0,0.0,2015,-0.0054864669218659,-0.030210360685066,1.39099590623488,1.1223703622818,0.332825815243734,0.327321857213974,329993,
17,21,ORISSA,18,PURI,110,PIPILI,17,PURI,2117,,1.19335682198,0.03586970782,412092,57936,23863,13,63657,18843,2,0,0,0,0,0,0,0,0,0,0,1782,0,2,0,1,-0.0553460763590126,-0.0282320454716682,0.312345812548635,0.309388190507889,82502,0.2283944631645293,2.42418365615379e-05,1.10236300124249,0.8646531999111176,1785,0.0,0.0,0.0,0.0,0.0,0.0,0.0,0.0,0.0,0.0,0.9983193277310924,0.0,0.0011204481792717,0.0,0.0005602240896358,2015,-0.0054864669218659,-0.030210360685066,1.39099590623488,1.1223703622818,0.332825815243734,0.327321857213974,329993,
18,21,ORISSA,17,KHORDHA  *,117,KHURDA,18,BHUBANESWAR,2118,,2.18725306456,0.04696826937,525384,61349,59543,423,95001,20361,6757,0,0,4,0,0,0,14,4,142,106,1895,16,103,0,30,-0.009056093120925,0.0344489552080631,0.246961964211623,0.233302429318428,122119,0.1667308117491954,0.0553312752315364,1.138298170734915,0.7275298833847046,2314,0.0,0.0,0.0017286084701815,0.0,0.0,0.0,0.0060501296456352,0.0017286084701815,0.0613656006914433,0.0458081244598098,0.8189282627484875,0.006914433880726,0.0445116681071737,0.0,0.0129645635263612,2015,0.0520041808485985,0.0180763458655542,1.89200857653016,1.10428583621979,0.327501960510863,0.303043931722641,691018,
17,21,ORISSA,16,NAYAGARH  *,119,RANPUR,17,PURI,2117,,1.68945428522,0.06989430552,957937,1440,2953,38,1045,3009,207,0,77,508,148,0,0,507,37,7,0,1951,9,229,0,2,-0.0518202376838015,-0.0373543836176395,0.331971991241187,0.322756692767143,4261,0.7061722600328562,0.0485801455057498,0.4856573363289935,0.3962447717785835,3475,0.0,0.0221582733812949,0.1461870503597122,0.0425899280575539,0.0,0.0,0.1458992805755395,0.0106474820143884,0.0020143884892086,0.0,0.5614388489208633,0.0025899280575539,0.0658992805755395,0.0,0.0005755395683453,2015,-0.0054864669218659,-0.030210360685066,1.39099590623488,1.1223703622818,0.332825815243734,0.327321857213974,329993,
11,21,ORISSA,26,KALAHANDI,80,BHAWANIPATNA (SC),11,KALAHANDI,2111,,1.9407123241,0.06825239533,917796,7594,11735,2594,9139,9786,2691,0,0,145,0,0,0,0,12,50,0,3144,23,8,0,0,0.0015838802545865,0.0120505793020129,0.278359010624211,0.276964128017426,21616,0.452720207253886,0.1244911176905995,0.8829859237920005,0.498075589537621,3382,0.0,0.0,0.0428740390301596,0.0,0.0,0.0,0.0,0.0035481963335304,0.0147841513897102,0.0,0.9296274393849792,0.0068007096392667,0.0023654642223536,0.0,0.0,2015,0.0676195919513702,0.0419601826017906,0.293961178478648,0.199489966034889,0.319555475920437,0.314227521419525,2474155,
11,21,ORISSA,26,KALAHANDI,78,JUNAGARH,11,KALAHANDI,2111,,2.42205726298,0.11131487833,1500468,9560,19166,3505,11210,18248,1973,0,0,605,0,0,0,9,273,53,0,4537,0,36,0,0,-0.0044013798919114,0.0268813595175743,0.287557997213787,0.27811524271965,31431,0.580573319334415,0.0627724221310171,0.4603434797356185,0.371511213481426,5513,0.0,0.0,0.1097406130963177,0.0,0.0,0.0,0.0016325049882096,0.0495193179756938,0.0096136404861237,0.0,0.8229639035008163,0.0,0.0065300199528387,0.0,0.0,2015,0.0676195919513702,0.0419601826017906,0.293961178478648,0.199489966034889,0.319555475920437,0.314227521419525,2474155,
16,21,ORISSA,18,PURI,106,NIMAPARA,16,JAGATSINGHPUR (SC),2116,,1.17064082153,0.03762802185,440630,60470,16984,23,67176,3613,81,0,0,0,0,0,0,0,0,1,0,1868,3,0,0,0,-0.0633183072488336,-0.0356321483850479,0.316656849658153,0.312624931335449,70870,0.0509806688302525,0.0011429377733878,0.8897061994852785,0.782828003168106,1872,0.0,0.0,0.0,0.0,0.0,0.0,0.0,0.0,0.000534188034188,0.0,0.997863247863248,0.0016025641025641,0.0,0.0,0.0,2015,0.0145706161856651,-0.0180789549031512,0.633431238186134,0.557571470737457,0.30876309454707,0.300198078155518,469901,
17,21,ORISSA,18,PURI,109,SATYABADI,17,PURI,2117,,1.80106763586,0.03420287555,244832,138103,87999,6,164011,64623,0,0,0,0,0,0,0,0,0,6,0,1671,4,0,0,14,-0.118855728711402,-0.0718100592494011,0.342138605487703,0.336338520050049,228634,0.2826482500415511,0.0,0.6110952217452046,0.5374377369880674,1695,0.0,0.0,0.0,0.0,0.0,0.0,0.0,0.0,0.0035398230088495,0.0,0.9858407079646018,0.0023598820058997,0.0,0.0,0.0082595870206489,2015,-0.0054864669218659,-0.030210360685066,1.39099590623488,1.1223703622818,0.332825815243734,0.327321857213974,329993,
16,21,ORISSA,18,PURI,105,KAKATPUR (SC),16,JAGATSINGHPUR (SC),2116,,1.41698709863,0.04500110594,500350,50658,40389,28230,72099,14431,30480,1,26,0,6,0,0,18,72,271,41,1690,1,0,8,102,-0.0947891858844624,-0.0671378821134567,0.323253395195128,0.340145945549011,117010,0.1233313392017776,0.260490556362704,0.6919945544666715,0.5950300842523575,2236,0.0004472271914132,0.0116279069767441,0.0,0.0026833631484794,0.0,0.0,0.0080500894454382,0.0322003577817531,0.1211985688729874,0.0183363148479427,0.7558139534883721,0.0004472271914132,0.0,0.0035778175313059,0.0456171735241502,2015,0.0145706161856651,-0.0180789549031512,0.633431238186134,0.557571470737457,0.30876309454707,0.300198078155518,469901,
12,21,ORISSA,28,NABARANGAPUR  *,73,UMERKOTE (ST),12,NABARANGPUR (ST),2112,,1.88706192571,0.12121923427,1659590,1517,5042,2850,1360,4775,2979,0,0,380,72,0,0,0,287,58,0,4990,2,208,8,0,0.0907894020593206,0.122897364199162,0.280839588706199,0.264268219470978,9114,0.5239192451174018,0.3268597761685319,0.412204864546682,0.328099191188812,6005,0.0,0.0,0.0632805995004163,0.0119900083263946,0.0,0.0,0.0,0.0477935054121565,0.0096586178184845,0.0,0.8309741881765196,0.0003330557868442,0.0346378018318068,0.0013322231473771,0.0,2015,0.103616982698441,0.0701464715330547,0.186109156506462,0.147921338677406,0.30598672475116,0.286040276288986,1668999,
11,21,ORISSA,26,KALAHANDI,77,LANJIGARH (ST),11,KALAHANDI,2111,,4.91798038405,0.2529191181,3397313,14328,27347,43482,8198,30905,42083,0,11,2369,1220,0,0,782,3635,1318,20,2876,0,154,77,86,-0.0381295938003131,-0.0216919938102365,0.327092785790522,0.326317682862282,81186,0.3806690808760131,0.5183529179907866,0.4080581986480774,0.304200395941734,12548,0.0,0.0008766337264902,0.1887950270959515,0.0972266496652853,0.0,0.0,0.0623206885559451,0.2896875996174689,0.1050366592285623,0.0015938795027095,0.2291998724896397,0.0,0.0122728721708638,0.0061364360854319,0.0068536818616512,2015,0.0676195919513702,0.0419601826017906,0.293961178478648,0.199489966034889,0.319555475920437,0.314227521419525,2474155,
17,21,ORISSA,18,PURI,107,PURI,17,PURI,2117,,0.79741219889,0.01961087019,209834,50740,7593,1569,54642,5976,1348,3,31,0,0,0,0,1,51,47,6,753,78,2,0,1,-0.108453884925871,-0.0735936872661114,0.339401258618462,0.33976224064827,61966,0.0964399832166026,0.0217538650227544,2.91005295882612,0.8452859222888944,973,0.0030832476875642,0.0318602261048304,0.0,0.0,0.0,0.0,0.001027749229188,0.0524152106885919,0.0483042137718396,0.0061664953751284,0.7738951695786228,0.08016443987667,0.0020554984583761,0.0,0.001027749229188,2015,-0.0054864669218659,-0.030210360685066,1.39099590623488,1.1223703622818,0.332825815243734,0.327321857213974,329993,
19,21,ORISSA,19,GANJAM,124,POLASARA,19,ASKA,2119,,1.56123809079,0.07175629312,974171,2640,7621,3582,2038,9290,2313,0,6,372,55,0,0,448,306,48,15,1781,0,528,0,3,-0.0389082779181908,-0.026281469501555,0.364977963994781,0.364644408226013,13641,0.6810351147276592,0.1695623488014075,0.549382474425389,0.414138674736023,3562,0.0,0.0016844469399213,0.1044357102751263,0.015440763615946,0.0,0.0,0.1257720381807973,0.085906793935991,0.0134755755193711,0.0042111173498034,0.5,0.0,0.1482313307130825,0.0,0.0008422234699606,2015,-0.0635209791362286,-0.0673877095819597,0.337311801404473,0.229341402649879,0.413286981055298,0.41148716211319,988014,
11,21,ORISSA,26,KALAHANDI,79,DHARMGARH,11,KALAHANDI,2111,,2.34082039958,0.09432508033,1274099,10381,13780,475,11570,11814,308,0,0,378,1,0,0,0,38,9,0,4245,0,6,0,0,0.0105938364535178,0.0439962707459927,0.276029608275565,0.274167329072952,23692,0.4986493331082222,0.0130001688333614,0.4411798630046539,0.37979818880558,4677,0.0,0.0,0.0808210391276459,0.0002138122728244,0.0,0.0,0.0,0.0081248663673294,0.0019243104554201,0.0,0.9076330981398332,0.0,0.0012828736369467,0.0,0.0,2015,0.0676195919513702,0.0419601826017906,0.293961178478648,0.199489966034889,0.319555475920437,0.314227521419525,2474155,
21,21,ORISSA,27,RAYAGADA  *,139,BISSAM CUTTACK (ST),21,KORAPUT (ST),2121,,3.77096513492,0.20529537493,2823260,1241,2054,142,1263,1621,3,0,25,1438,1181,0,0,747,3445,76,0,2197,0,1070,0,0,-0.0319614327350827,-0.0124338129535317,0.333224894429093,0.322807043790817,2887,0.5614825077935574,0.0010391409767925,0.3641668384586365,0.314731739461422,10179,0.0,0.0024560369387955,0.1412712447195205,0.1160231849887022,0.0,0.0,0.0733863837312113,0.3384418901660281,0.0074663522939385,0.0,0.2158365261813537,0.0,0.1051183809804499,0.0,0.0,2015,-0.0063914256170392,-0.0307652277387311,0.217070921419047,0.170150808990002,0.411566083233469,0.40231516957283,2826697,
17,21,ORISSA,18,PURI,108,BRAHMAGIRI,17,PURI,2117,,2.08323861039,0.12566715375,417448,242694,339661,730761,261771,247531,801568,2,31,0,0,0,0,1,329,840,671,1109,6,4,17,3220,-0.289225464419987,-0.371228247880936,0.0827080788189799,0.176313273608685,1310870,0.1888295559437625,0.6114778734733421,0.3973271352386805,0.3175943940877915,6230,0.0003210272873194,0.004975922953451,0.0,0.0,0.0,0.0,0.0001605136436597,0.0528089887640449,0.1348314606741573,0.1077046548956661,0.1780096308186196,0.0009630818619582,0.0006420545746388,0.002728731942215,0.5168539325842697,2015,-0.0054864669218659,-0.030210360685066,1.39099590623488,1.1223703622818,0.332825815243734,0.327321857213974,329993,
17,21,ORISSA,17,KHORDHA  *,118,CHILIKA,17,PURI,2117,,1.48331867012,0.05883665464,743533,16604,11817,38157,16590,3543,46232,0,63,421,49,0,0,432,122,90,53,1400,0,134,0,156,-0.0871950783270319,-0.0692609623074532,0.322870680365709,0.333249181509018,66365,0.0533865742484743,0.6966322609809388,0.563895997638186,0.3609027564525605,2920,0.0,0.0215753424657534,0.1441780821917808,0.0167808219178082,0.0,0.0,0.147945205479452,0.0417808219178082,0.0308219178082191,0.0181506849315068,0.4794520547945205,0.0,0.0458904109589041,0.0,0.0534246575342465,2015,-0.0054864669218659,-0.030210360685066,1.39099590623488,1.1223703622818,0.332825815243734,0.327321857213974,329993,
19,21,ORISSA,19,GANJAM,129,SURADA,19,ASKA,2119,,2.23834276643,0.10483673775,1428630,3161,7248,4473,2154,7845,4373,0,51,501,728,0,0,760,441,17,8,2128,9,527,0,23,-0.0568908572948267,-0.0477133989334106,0.377660600570104,0.378547668457031,14372,0.545853047592541,0.3042721959365432,0.401613986425885,0.325517073273659,5193,0.0,0.0098209127671865,0.096476025418833,0.1401887155786635,0.0,0.0,0.1463508569227806,0.0849220103986135,0.0032736375890621,0.0015405353360292,0.4097823993837858,0.0017331022530329,0.1014827652609281,0.0,0.0044290390910841,2015,-0.0635209791362286,-0.0673877095819597,0.337311801404473,0.229341402649879,0.413286981055298,0.41148716211319,988014,
12,21,ORISSA,28,NABARANGAPUR  *,74,JHARIGAM (ST),12,NABARANGPUR (ST),2112,,2.48522305578,0.13965703701,1916945,2008,3756,291,2176,3281,296,0,0,596,35,0,0,35,323,231,0,5669,0,34,0,0,0.0794121142919883,0.108501505106688,0.288118665143297,0.273138239979744,5753,0.5703111420128628,0.0514514166521814,0.409535201763871,0.346201404929161,6923,0.0,0.0,0.0860898454427271,0.0050556117290192,0.0,0.0,0.0050556117290192,0.0466560739563772,0.0333670374115267,0.0,0.8188646540517117,0.0,0.0049111656796186,0.0,0.0,2015,0.103616982698441,0.0701464715330547,0.186109156506462,0.147921338677406,0.30598672475116,0.286040276288986,1668999,
19,21,ORISSA,19,GANJAM,125,KABISURYANAGAR,19,ASKA,2119,,1.62633685667,0.04130049441,558118,2713,6314,1531,2779,5792,1789,0,0,6,0,0,0,32,31,1,0,1675,20,275,0,10,0.0115783634711959,0.0380987357348204,0.304163821071133,0.294568955898285,10360,0.5590733590733591,0.1726833976833977,0.685836264632719,0.4980636090040204,2050,0.0,0.0,0.0029268292682926,0.0,0.0,0.0,0.0156097560975609,0.0151219512195121,0.0004878048780487,0.0,0.8170731707317073,0.0097560975609756,0.1341463414634146,0.0,0.0048780487804878,2015,-0.0635209791362286,-0.0673877095819597,0.337311801404473,0.229341402649879,0.413286981055298,0.41148716211319,988014,
19,21,ORISSA,19,GANJAM,126,KHALIKOTE (SC),19,ASKA,2119,,1.79676891036,0.04816799023,567633,8814,12861,73926,9789,8704,76832,0,0,13,0,0,0,93,65,28,32,1621,33,231,0,270,-0.0445907211240152,0.0187659673392773,0.244225479780508,0.281574204564095,95325,0.0913086808287437,0.8060005245213743,0.714884305279702,0.544753894209862,2386,0.0,0.0,0.0054484492875104,0.0,0.0,0.0,0.0389773679798826,0.0272422464375523,0.0117351215423302,0.0134115674769488,0.6793797150041911,0.0138306789606035,0.0968147527242246,0.0,0.113160100586756,2015,-0.0635209791362286,-0.0673877095819597,0.337311801404473,0.229341402649879,0.413286981055298,0.41148716211319,988014,
19,21,ORISSA,19,GANJAM,128,ASKA,19,ASKA,2119,,1.19854563299,0.0237245003,320417,2487,3746,0,1963,3743,1,0,0,0,0,0,0,0,0,0,0,1110,19,40,0,0,-0.0065953925513225,0.0075660976581275,0.328516552172526,0.328542426228523,5707,0.6558612230594008,0.0001752234098475,0.8698601383421516,0.683987349271774,1169,0.0,0.0,0.0,0.0,0.0,0.0,0.0,0.0,0.0,0.0,0.949529512403764,0.0162532078699743,0.0342172797262617,0.0,0.0,2015,-0.0635209791362286,-0.0673877095819597,0.337311801404473,0.229341402649879,0.413286981055298,0.41148716211319,988014,
19,21,ORISSA,19,GANJAM,130,SANAKHEMUNDI,19,ASKA,2119,,2.36218845453,0.06848589985,937647,2057,3278,1,1552,3223,48,0,1,294,0,0,0,231,378,3,0,1950,2,536,0,1,-0.0283686540739799,-0.0196018368005753,0.358808157323849,0.356672316789627,4823,0.6682562720298569,0.0099523118391042,0.426656458540021,0.3633464053273205,3396,0.0,0.0002944640753828,0.0865724381625441,0.0,0.0,0.0,0.0680212014134275,0.1113074204946996,0.0008833922261484,0.0,0.5742049469964664,0.0005889281507656,0.1578327444051825,0.0,0.0002944640753828,2015,-0.0635209791362286,-0.0673877095819597,0.337311801404473,0.229341402649879,0.413286981055298,0.41148716211319,988014,
21,21,ORISSA,27,RAYAGADA  *,138,GUNUPUR (ST),21,KORAPUT (ST),2121,,3.3873367724,0.23233166273,3163788,6807,23459,4900,11158,14890,4927,0,20,1753,1335,0,0,1364,3994,48,7,1882,5,1094,0,11,-0.0304767976904394,-0.0196338901296258,0.326271428583751,0.324022620916367,30975,0.4807102502017756,0.1590637610976594,0.3212646724952905,0.2935418039560314,11513,0.0,0.001737166681143,0.1522626596021888,0.1159558759662989,0.0,0.0,0.1184747676539564,0.3469121862242682,0.0041692000347433,0.0006080083384,0.1634673846955615,0.0004342916702857,0.0950230174585251,0.0,0.0009554416746286,2015,-0.0063914256170392,-0.0307652277387311,0.217070921419047,0.170150808990002,0.411566083233469,0.40231516957283,2826697,
20,21,ORISSA,20,GAJAPATI  *,136,MOHANA (ST),20,BERHAMPUR,2120,,3.55786429772,0.27210822964,3731961,1614,3559,9496,1335,3658,9333,0,154,2846,810,0,0,2978,5830,44,26,512,0,290,1,3,-0.010462951781868,0.0019423612393438,0.35649649159451,0.351658046245575,14326,0.2553399413653497,0.6514728465726651,0.305848821821157,0.287769764661789,13494,0.0,0.0114124796205721,0.2109085519490143,0.0600266785237883,0.0,0.0,0.2206906773380761,0.4320438713502297,0.0032607084630206,0.001926782273603,0.037942789387876,0.0,0.0214910330517266,7.410701052319549e-05,0.0002223210315695,2015,-0.0534159205853939,-0.0574796784837192,0.15992197377663,0.142241239547729,0.419921789572511,0.425966158509254,3746630,
19,21,ORISSA,19,GANJAM,131,HINJILI,19,ASKA,2119,,1.3614599151,0.03075392013,411603,6333,5427,71,6674,4942,23,0,0,1,0,0,0,2,10,0,0,1406,35,73,0,0,-0.0074382854506181,0.0084574483335018,0.301012724953568,0.298537880182266,11639,0.4246069249935561,0.0019761147864936,0.774047902896317,0.5990807563066485,1527,0.0,0.0,0.0006548788474132,0.0,0.0,0.0,0.0013097576948264,0.0065487884741322,0.0,0.0,0.9207596594629992,0.022920759659463,0.0478061558611656,0.0,0.0,2015,-0.0635209791362286,-0.0673877095819597,0.337311801404473,0.229341402649879,0.413286981055298,0.41148716211319,988014,
12,21,ORISSA,28,NABARANGAPUR  *,76,DABUGAM (ST),12,NABARANGPUR (ST),2112,,2.39080490154,0.11067581897,1519362,723,3710,120,1146,3038,106,0,0,147,18,0,2,2,111,10,0,5129,2,65,0,0,0.0718869014935761,0.112698890268803,0.294712204140989,0.270728051662445,4290,0.7081585081585081,0.0247086247086247,0.397263896959282,0.3488337099552155,5486,0.0,0.0,0.0267954794021144,0.0032810791104629,0.0,0.0003645643456069,0.0003645643456069,0.0202333211811884,0.0018228217280349,0.0,0.9349252643091506,0.0003645643456069,0.0118483412322274,0.0,0.0,2015,0.103616982698441,0.0701464715330547,0.186109156506462,0.147921338677406,0.30598672475116,0.286040276288986,1668999,
20,21,ORISSA,19,GANJAM,127,CHHATRAPUR (SC),20,BERHAMPUR,2120,,1.12741505514,0.04191523579,521168,24590,19913,11466,28713,12428,13863,0,0,12,0,0,0,3,191,125,39,1515,60,85,2,46,-0.0308273270137935,0.0014841567026451,0.303740370431796,0.305983573198318,55004,0.2259472038397207,0.2520362155479601,1.3476988523983149,0.779647424817085,2078,0.0,0.0,0.0057747834456207,0.0,0.0,0.0,0.0014436958614051,0.0919153031761308,0.0601539942252165,0.0187680461982675,0.7290664100096247,0.0288739172281039,0.0409047160731472,0.0009624639076034,0.0221366698748796,2015,-0.0534159205853939,-0.0574796784837192,0.15992197377663,0.142241239547729,0.419921789572511,0.425966158509254,3746630,
21,21,ORISSA,27,RAYAGADA  *,140,RAYAGADA (ST),21,KORAPUT (ST),2121,,4.19421621863,0.19391141054,2661908,3172,4313,529,2368,4826,303,0,2,948,640,0,0,85,3620,3040,0,978,20,284,0,0,0.0210391431874807,0.0360873639583588,0.323083590415202,0.320636719465256,7497,0.6437241563291983,0.0404161664665866,0.5029226225536735,0.3007427155971525,9617,0.0,0.0002079650618696,0.0985754393261932,0.0665488197982738,0.0,0.0,0.0088385151294582,0.3764167619839867,0.316106894041801,0.0,0.1016949152542373,0.002079650618696,0.029531038785484,0.0,0.0,2015,-0.0063914256170392,-0.0307652277387311,0.217070921419047,0.170150808990002,0.411566083233469,0.40231516957283,2826697,
20,21,ORISSA,19,GANJAM,134,DIGAPAHANDI,20,BERHAMPUR,2120,,2.00487563118,0.06362696799,865339,2166,6517,2072,2168,6029,2275,0,2,177,1,0,0,101,325,18,10,2171,22,322,0,0,-0.0216302153202474,-0.0036038242978975,0.343497426183356,0.336385160684586,10472,0.5757257448433919,0.2172459893048128,0.5667157320091536,0.408567115664482,3149,0.0,0.0006351222610352,0.0562083201016195,0.0003175611305176,0.0,0.0,0.03207367418228,0.103207367418228,0.0057161003493172,0.0031756113051762,0.6894252143537631,0.0069863448713877,0.1022546840266751,0.0,0.0,2015,-0.0534159205853939,-0.0574796784837192,0.15992197377663,0.142241239547729,0.419921789572511,0.425966158509254,3746630,
20,21,ORISSA,19,GANJAM,132,GOPALPUR,20,BERHAMPUR,2120,,1.16484038578,0.02390620526,318387,4514,5644,600,5323,2720,465,0,0,0,0,0,0,0,36,27,3,1036,69,10,0,0,-0.0387230076088022,-0.0085245529189705,0.332621111523344,0.331673622131348,8508,0.3196991067230841,0.0546544428772919,1.6537141656331449,1.0280626118183114,1181,0.0,0.0,0.0,0.0,0.0,0.0,0.0,0.0304826418289585,0.0228619813717188,0.0025402201524132,0.8772226926333616,0.0584250635055038,0.008467400508044,0.0,0.0,2015,-0.0534159205853939,-0.0574796784837192,0.15992197377663,0.142241239547729,0.419921789572511,0.425966158509254,3746630,
20,21,ORISSA,19,GANJAM,133,BERHAMPUR,20,BERHAMPUR,2120,,0.3533923038,0.00268021724,36547,185,173,0,147,168,0,0,0,0,0,0,0,0,0,0,0,64,72,0,0,0,-0.0424676903369102,-0.0182320792227983,0.302863925021429,0.306913554668427,315,0.5333333333333333,0.0,16.55488037814695,14.2285802364349,136,0.0,0.0,0.0,0.0,0.0,0.0,0.0,0.0,0.0,0.0,0.4705882352941176,0.5294117647058824,0.0,0.0,0.0,2015,-0.0534159205853939,-0.0574796784837192,0.15992197377663,0.142241239547729,0.419921789572511,0.425966158509254,3746630,
20,21,ORISSA,19,GANJAM,135,CHIKITI,20,BERHAMPUR,2120,,2.61941539535,0.06964327102,920489,6388,19600,12376,8798,15624,12235,0,79,247,19,0,0,303,527,67,16,1811,24,264,4,90,-0.0227752623633287,0.0049871103838086,0.335203793500403,0.331320345401764,36657,0.4262214583844831,0.3337698120413563,0.456075871929791,0.3654235973954199,3451,0.0,0.0228919153868443,0.0715734569689944,0.0055056505360765,0.0,0.0,0.0878006374963778,0.1527093596059113,0.0194146624166908,0.0046363372935381,0.5247754274123443,0.0069545059403071,0.0764995653433787,0.0011590843233845,0.0260793972761518,2015,-0.0534159205853939,-0.0574796784837192,0.15992197377663,0.142241239547729,0.419921789572511,0.425966158509254,3746630,
12,21,ORISSA,28,NABARANGAPUR  *,75,NABARANGPUR (ST),12,NABARANGPUR (ST),2112,,2.93125393916,0.09790095138,1296530,8200,13438,29803,6781,15827,28551,0,0,47,15,0,0,3,189,147,51,4270,14,40,9,63,0.0577229846532721,0.107075981795788,0.268535738490712,0.257991522550583,51159,0.3093688305088058,0.5580836216501496,0.5703800526191365,0.411258570849895,4848,0.0,0.0,0.0096947194719471,0.0030940594059405,0.0,0.0,0.0006188118811881,0.0389851485148514,0.0303217821782178,0.010519801980198,0.8807755775577558,0.0028877887788778,0.0082508250825082,0.0018564356435643,0.0129950495049504,2015,0.103616982698441,0.0701464715330547,0.186109156506462,0.147921338677406,0.30598672475116,0.286040276288986,1668999,
12,21,ORISSA,29,KORAPUT,142,KOTPAD (ST),12,NABARANGPUR (ST),2112,,3.54067733475,0.16067605106,2192957,6290,11170,1938,6013,10055,2621,0,4,101,650,0,1,726,827,663,0,4773,11,194,0,0,0.0285352344610749,0.0791880860924721,0.31527548253517,0.302036851644516,18689,0.5380170153566269,0.1402429236449248,0.4145264802056895,0.353690065443516,7950,0.0,0.000503144654088,0.0127044025157232,0.0817610062893081,0.0,0.000125786163522,0.0913207547169811,0.1040251572327044,0.0833962264150943,0.0,0.6003773584905661,0.0013836477987421,0.0244025157232704,0.0,0.0,2015,0.103616982698441,0.0701464715330547,0.186109156506462,0.147921338677406,0.30598672475116,0.286040276288986,1668999,
21,21,ORISSA,29,KORAPUT,141,LAKSHMIPUR (ST),21,KORAPUT (ST),2121,,3.95123942954,0.20265844535,2767899,2870,5628,14048,1757,6691,13907,0,1,1081,439,0,12,113,3131,3641,13,1318,0,259,11,25,0.0155889926063456,0.0361482352018356,0.335405439101335,0.331020623445511,22355,0.2993066428092149,0.6220979646611496,0.3825044265518574,0.305206596851349,10044,0.0,9.956192751891676e-05,0.107626443647949,0.0437076861808044,0.0,0.001194743130227,0.0112504978096375,0.3117283950617284,0.3625049780963759,0.0012943050577459,0.1312226204699323,0.0,0.0257865392273994,0.001095181202708,0.0024890481879729,2015,-0.0063914256170392,-0.0307652277387311,0.217070921419047,0.170150808990002,0.411566083233469,0.40231516957283,2826697,
21,21,ORISSA,29,KORAPUT,143,JEYPORE,21,KORAPUT (ST),2121,,1.5858659792,0.07269743564,984555,3012,6296,7088,4498,4736,5780,0,0,164,143,0,2,25,202,82,14,2861,16,103,2,1,-0.0216337364789021,0.0311061590909958,0.31479551835083,0.29071170091629,15014,0.3154389236712401,0.3849740242440388,0.8067975768610189,0.472942717373371,3615,0.0,0.0,0.0453665283540802,0.0395573997233748,0.0,0.0005532503457814,0.0069156293222683,0.055878284923928,0.0226832641770401,0.0038727524204702,0.7914246196403872,0.0044260027662517,0.0284923928077455,0.0005532503457814,0.0002766251728907,2015,-0.0063914256170392,-0.0307652277387311,0.217070921419047,0.170150808990002,0.411566083233469,0.40231516957283,2826697,
20,21,ORISSA,20,GAJAPATI  *,137,PARALAKHEMUNDI,20,BERHAMPUR,2120,,2.0342493589,0.08107100366,1105865,3080,7048,238,4604,5057,49,0,4,260,190,0,0,374,1179,1,0,1488,29,484,0,0,-0.0271432086985522,-0.0040504899807274,0.354259053487256,0.347677141427994,9710,0.5208032955715757,0.0050463439752832,0.454677729198972,0.346045084297657,4009,0.0,0.0009977550511349,0.0648540783237715,0.0473933649289099,0.0,0.0,0.0932900972811174,0.2940883013220254,0.0002494387627837,0.0,0.3711648790222,0.0072337241207283,0.1207283611873285,0.0,0.0,2015,-0.0534159205853939,-0.0574796784837192,0.15992197377663,0.142241239547729,0.419921789572511,0.425966158509254,3746630,
21,21,ORISSA,29,KORAPUT,144,KORAPUT (SC),21,KORAPUT (ST),2121,,2.82860468062,0.11857162286,1531886,23472,24871,52318,4485,39192,56011,0,1,44,250,0,6,96,708,2741,26,1712,0,156,112,30,0.0118710211170408,0.0580899715423584,0.29264537066323,0.304754942655563,99688,0.3931466174464328,0.5618630125993098,0.4711345925942385,0.3243638575077055,5882,0.0,0.000170010200612,0.0074804488269296,0.0425025501530091,0.0,0.0010200612036722,0.0163209792587555,0.120367222033322,0.4659979598775927,0.0044202652159129,0.2910574634478068,0.0,0.0265215912954777,0.0190411424685481,0.0051003060183611,2015,-0.0063914256170392,-0.0307652277387311,0.217070921419047,0.170150808990002,0.411566083233469,0.40231516957283,2826697,
21,21,ORISSA,29,KORAPUT,145,POTTANGI (ST),21,KORAPUT (ST),2121,,2.98497506235,0.16407218931,2152059,23785,40846,42427,6307,55161,45316,0,15,146,201,0,0,121,2487,3641,30,1313,3,28,105,34,0.0216554034863474,0.0655795261263847,0.299635019289968,0.306960314512253,106784,0.5165661522325442,0.4243706922385376,0.591195308468417,0.3101771920919415,8124,0.0,0.0018463810930576,0.017971442639094,0.0247415066469719,0.0,0.0,0.0148941408173313,0.3061299852289512,0.4481782373215165,0.0036927621861152,0.1616198916789758,0.0003692762186115,0.0034465780403741,0.0129246676514032,0.0041851304775972,2015,-0.0063914256170392,-0.0307652277387311,0.217070921419047,0.170150808990002,0.411566083233469,0.40231516957283,2826697,
12,21,ORISSA,30,MALKANGIRI  *,147,CHITRAKONDA (ST),12,NABARANGPUR (ST),2112,,3.90851837653,0.23904375813,3082346,31025,64587,113424,16392,79653,111889,4,73,1148,2071,0,0,447,2787,1254,259,2893,0,683,2,229,-0.002567304654871,0.043828260153532,0.329754510941946,0.330810755491257,207934,0.3830686660190253,0.5380986274490944,0.383364003394671,0.3254122883081435,11850,0.000337552742616,0.0061603375527426,0.0968776371308016,0.1747679324894514,0.0,0.0,0.0377215189873417,0.2351898734177215,0.1058227848101265,0.0218565400843881,0.2441350210970464,0.0,0.0576371308016877,0.000168776371308,0.0193248945147679,2015,0.103616982698441,0.0701464715330547,0.186109156506462,0.147921338677406,0.30598672475116,0.286040276288986,1668999,
12,21,ORISSA,30,MALKANGIRI  *,146,MALKANGIRI (ST),12,NABARANGPUR (ST),2112,,3.49349905954,0.25486395455,3457582,3336,32095,16220,6116,27309,16339,0,11,1833,848,0,0,803,3359,725,32,4321,3,688,1,15,0.0420998622594393,0.0825843438506126,0.339442606230117,0.323011040687561,49764,0.5487701953219195,0.3283297162607507,0.343417493039208,0.302727296948433,12639,0.0,0.000870322019147,0.1450272964633278,0.0670939156578843,0.0,0.0,0.0635335073977371,0.265764696574096,0.0573621330801487,0.0025318458738824,0.3418783131576865,0.0002373605506764,0.0544346862884721,7.912018355882586e-05,0.0011868027533823,2015,0.103616982698441,0.0701464715330547,0.186109156506462,0.147921338677406,0.30598672475116,0.286040276288986,1668999,
